GA_ID,1981,1982,1983,1984,1985,1986,1987,1988,1989,1990,1991,1992,1993,1994,1995,1996,1997,1998,1999,2000,2001,2002,2003,2004,2005,2006,2007,2008,2009,2010,2011,2012,2013,2014,2015,2016,2017,2018,2019
73,281.0937334,281.7228287,281.1754607,280.1452881,280.6406471,280.6346352,282.0746596,280.8695967,281.4873502,281.9265538,281.8744036,281.046829,280.8962623,281.7581257,280.9306321,280.725122,281.9915711,282.5807148,282.6041142,281.5994459,281.8082058,281.8274292,281.5677632,281.7782207,281.7099295,282.7372066,282.2079,281.2930678,281.8779467,281.580887,281.4716661,280.9889004,282.5108796,282.2521493,282.3003488,281.9288393,282.586715,281.9559701,282.2008808
79,279.5933611,279.8559189,279.6440785,279.0259777,279.5440217,279.5479823,280.3707123,279.635539,279.4451346,280.4514338,280.2781035,279.8605149,279.5170362,280.2016314,279.8640931,279.4485429,280.3232528,281.0810949,280.6726876,279.8637254,279.9943032,280.5784721,280.0752539,280.2574764,280.2327871,281.1231429,280.9618398,280.0115671,280.6585152,280.5102627,279.8507562,279.901842,281.3602285,280.5070109,281.0186646,280.949299,280.8787236,280.4428244,280.5555732
80,282.3228707,282.5588349,281.9439255,281.3458298,281.799173,282.1386147,282.958589,282.0720866,281.771355,282.7888253,282.7356937,282.222513,281.9118497,282.6994698,283.0751048,282.0508945,283.3220928,283.7671599,283.6417183,283.1806956,283.3672548,283.4553795,282.6779456,283.290662,283.2107257,283.9040176,283.6372454,282.7197307,283.4668026,283.107887,282.7298594,282.5814994,284.0793122,283.2450669,283.4994105,283.7907262,283.6416964,283.4668888,283.5183222
71,280.9465103,281.6897763,281.0162685,280.0112489,280.3718804,280.7475852,281.7443691,280.8989873,281.5721329,281.7560371,281.4616983,281.1093874,280.8780051,281.6116478,280.7821062,280.6941483,281.8315847,282.701479,282.5141392,281.4420326,281.8152911,281.9470175,281.3139139,281.6749424,281.6276214,282.5585554,282.4042093,281.4974613,282.0970528,281.7170652,281.5038471,280.843674,282.4408092,282.4350366,282.175612,282.1289561,282.8200651,282.028782,282.4186987
81,281.1889481,281.8814023,281.2991798,280.4530778,280.8230332,280.6448364,282.3053137,281.1494159,281.2206759,281.9143546,282.1486445,281.1296855,281.0855899,281.9195841,281.2825869,280.9429091,282.2853345,282.7695166,282.7870118,281.9376471,282.1440926,282.1216707,281.5761514,282.0582661,282.0492405,283.0334158,282.5561681,281.6166448,282.2166909,281.908904,281.5424598,281.1820398,282.7291652,282.2683218,282.5481258,282.3643733,282.6056759,282.3226646,282.3180199
78,284.8285364,284.9755344,284.6696343,284.0022318,284.6874047,285.0870959,285.4840012,284.7220363,284.5774792,285.2466098,285.4253972,284.9489156,284.4503292,285.6259719,286.0008002,285.054713,285.9582968,286.1165762,286.1158143,285.6405209,285.822992,286.3023568,285.338778,286.0060806,285.905076,286.5627773,286.1024404,285.3266545,285.7047275,285.5646927,285.2553478,285.2383968,286.8089242,285.9692053,286.1609521,286.7157325,286.2690098,285.7770242,285.8576363
88,281.8160982,282.1412737,281.6165549,280.9088502,281.3749091,281.6874467,282.325565,281.4776612,281.3633489,282.377133,282.2793179,281.8615078,281.4609146,282.2072155,282.585723,281.515875,282.8203993,283.1753159,283.0174511,282.3180605,282.5390607,282.8716236,281.9801316,282.6781241,282.6671572,283.3553941,283.1708757,282.1433158,282.9765914,282.6840321,282.1641669,281.9895391,283.6024365,282.6902723,282.9254335,283.1595071,283.1260257,282.7881601,283.0051881
77,281.4336366,282.1160372,281.487502,280.4830624,280.8204638,281.2367278,282.4666556,281.3642298,282.1144199,282.3275252,282.1297503,281.5804655,281.488577,282.1032882,281.1983416,281.0548513,282.2801966,283.1335693,282.9944273,281.8319599,282.3137911,282.3132134,281.779639,282.2205295,282.1320478,283.0455267,282.688563,281.8211268,282.4816942,282.1489561,281.9631712,281.2357888,282.7907772,282.8520945,282.6418618,282.5134869,283.229982,282.3438501,282.8270041
85,278.454147,279.3930282,278.7596038,277.7400134,278.0388356,278.5042824,279.3836623,278.5616678,279.2788481,279.2839675,279.1445409,278.8558725,278.6610539,279.5010503,278.6341934,278.3172714,279.6233812,280.3631228,280.2730243,279.058403,279.5968325,279.5496921,278.7495388,279.5041828,279.3514594,280.2841789,280.4809387,279.3183157,279.8896043,279.2300633,279.3866087,278.4770992,280.1143954,280.420431,280.1464707,279.9302339,280.6813057,279.8271291,280.1677996
72,277.9969564,278.9934085,278.2761341,277.2993292,277.5700188,278.0073285,279.0789129,278.1200216,278.8246935,279.0287928,278.6124825,278.4695912,278.1652524,279.1038535,278.2433437,277.8714015,279.1746672,279.8643059,279.6562931,278.6070484,279.0302893,279.2253591,278.4217051,278.9395418,278.6379713,279.7661337,279.8377635,278.8180152,279.3880894,278.7338302,278.6372512,277.9225371,279.6759425,279.735662,279.3862466,279.2649169,279.8865438,279.1455389,279.5938633
82,280.694636,281.3638489,280.7987336,279.751727,280.184893,280.5165464,281.8136001,280.6213757,281.4114374,281.692933,281.5492051,280.9358343,280.7626376,281.4705534,280.5349305,280.3580944,281.6385325,282.3408064,282.3026562,281.1651669,281.5602316,281.6568888,281.1457516,281.5304791,281.3968235,282.4185367,281.9851148,281.1081266,281.7770809,281.4331344,281.2546402,280.5357841,282.0345455,282.1119426,282.0467211,281.7765871,282.4482176,281.6171752,282.0186379
87,280.7588414,281.4733726,280.9118687,279.8094468,280.3289395,280.2380755,281.850158,280.5093568,280.8127641,281.4281924,281.7574771,280.7805858,280.7601346,281.49792,280.7459072,280.5311235,281.9025208,282.1722767,282.3367047,281.2784776,281.6001466,281.5991772,281.0628829,281.6145886,281.423113,282.5444481,282.0506088,281.0340588,281.611027,281.3701164,280.9709176,280.4743974,282.2338292,282.0315156,282.1823519,281.7362207,282.0934118,281.6409166,281.7712337
89,280.2927263,280.9921688,280.4264924,279.3668992,279.7846416,280.2151126,281.237356,280.3014846,281.0765014,281.0901025,281.066091,280.4002952,280.3589184,281.1056924,280.1692057,280.1721346,281.2278257,282.0128421,282.0664044,280.7069541,281.3469382,281.1843813,280.4706838,281.2599753,281.2091806,282.0744365,281.9952106,280.950575,281.555332,281.1714406,281.0956206,280.1444429,281.7242938,282.0428952,281.8793634,281.7205494,282.4579547,281.5893527,281.8896508
90,280.45317,281.0950105,280.5587389,279.3422482,279.9654585,280.0083596,281.368747,280.0285864,280.3610406,281.0353239,281.3642745,280.4622512,280.4732291,281.1447601,280.3645076,280.1146,281.4686917,281.7527985,282.081776,280.9166615,281.2718505,281.2044176,280.6620232,281.2262333,281.0109759,282.247939,281.6845745,280.7351193,281.181693,281.0984757,280.7531857,280.2139579,281.7602294,281.7103946,281.8675882,281.3512887,281.7930254,281.228096,281.4355156
84,280.1351098,280.7798866,280.2189335,279.1210679,279.6705677,279.7510117,281.0991942,279.8692294,280.4580424,280.9467553,280.9849386,280.2845908,280.1322989,280.8653013,279.9756546,279.8026033,281.1144515,281.6367143,281.7203532,280.6066085,280.9117611,281.0004736,280.5552874,280.898734,280.7205714,281.8409306,281.3722716,280.4756519,281.0122227,280.7687233,280.5810336,279.9588777,281.502447,281.4097882,281.5088508,281.069727,281.6843778,281.0137658,281.2615803
93,285.9935123,286.2226187,285.791158,285.2845697,285.8254232,286.1834847,286.6064642,286.0298912,285.8536013,286.4505083,286.6630878,286.0912155,285.5616585,286.7432633,287.0948001,286.100085,287.2206923,287.3228279,287.2758999,286.830587,287.0100062,287.5595675,286.5347467,287.11153,287.0405427,287.7395198,287.2842241,286.3188577,286.8804464,286.8176287,286.3953718,286.4001186,287.9918564,287.1173812,287.2522181,287.7842616,287.3496494,287.0008153,287.1080964
83,280.5738198,281.0213115,280.5051915,279.7150012,280.1305656,280.034973,281.3460168,280.4281445,280.2003267,281.0275667,281.1830581,280.4333386,280.2979156,281.112345,280.9478687,280.2982988,281.5083615,282.057461,282.0444801,281.2919356,281.567365,281.5044182,280.8101,281.436533,281.3499948,282.1565059,281.9479054,281.058726,281.6424792,281.3226032,280.8426795,280.6663612,282.1053079,281.4121508,281.7174122,281.7918239,281.8627302,281.6234386,281.802656
97,276.4182041,277.4012172,276.9265077,275.8278724,276.0016861,276.6360022,277.6657919,276.78503,277.5351733,277.5931972,277.3670345,276.7986423,276.640654,277.8755322,277.0089841,276.5589536,277.887612,278.5161741,278.5074887,277.2149357,277.6774399,277.7582217,276.7128033,277.5839885,277.3688701,278.450138,278.7443335,277.5567469,278.1262632,277.4922846,277.4288512,276.2371886,278.1163481,278.6121954,278.1700839,278.0906078,278.806062,278.0719106,278.3535104
95,282.3435189,282.6599848,282.2143467,281.4577418,281.920028,282.3427651,282.8149262,281.9731786,281.7474133,282.9030622,282.7146904,282.3451816,281.9686067,282.779794,283.1672463,281.9975435,283.3251458,283.5833654,283.4806916,282.7841712,282.9898308,283.4966192,282.4602766,283.2418288,283.1948628,283.9284851,283.7109292,282.6612983,283.4919286,283.2918425,282.7320884,282.5447939,284.1067975,283.226015,283.4366434,283.7421257,283.7144876,283.3418501,283.5589991
94,281.9438638,282.2897689,281.6763546,280.964841,281.4212607,281.5945618,282.4584476,281.6289525,281.6814039,282.3828688,282.3254475,281.874277,281.5429029,282.2770786,282.5895155,281.6475333,282.9696373,283.2545614,283.2752338,282.7927037,282.8278665,283.0514675,282.214828,282.7926991,282.8104243,283.4687704,283.2973625,282.3367234,283.1424599,282.8219163,282.3393621,282.0995837,283.6233186,282.8019366,283.1551457,283.2578129,283.3651763,282.9441518,283.2764878
92,281.3039348,282.0352854,281.4677743,280.473009,280.9222725,280.8324507,282.3843615,281.1771844,281.3469827,281.9703978,282.2956845,281.3206194,281.2372608,282.1082175,281.4385738,281.1497386,282.5230299,282.8795811,283.0334503,282.0445277,282.3102675,282.2251822,281.6572189,282.3058208,282.1644582,283.2081078,282.7105337,281.7388359,282.2778827,282.0122437,281.6274514,281.1935325,282.7662502,282.6376459,282.8241172,282.4279516,282.7212778,282.3799478,282.5682079
98,279.4440944,280.1426848,279.5997682,278.4525412,278.9664006,279.2455382,280.4352612,279.1611031,279.8235803,280.2393066,280.359989,279.7259156,279.5491244,280.3551343,279.4448846,279.2400546,280.5408913,280.8693812,281.2119588,280.0404553,280.4059115,280.4080015,279.6983485,280.3590245,280.0421204,281.2468204,280.9094933,279.9857209,280.5064913,280.2782464,280.0388538,279.2961694,280.8334278,280.9206989,280.9843322,280.5446179,281.1026239,280.4769168,280.8065201
99,281.7437656,282.3090472,281.7565406,280.9334006,281.420119,281.2850462,282.6484363,281.6329271,281.6370521,282.3007086,282.3779493,281.7106976,281.3841374,282.528718,282.2129896,281.5626772,282.952842,283.3717017,283.4785179,282.5341403,282.7890202,282.8075236,282.0599847,282.7581112,282.7158197,283.593529,283.2498301,282.2673415,282.8949665,282.5923226,282.1311336,281.7953384,283.3523855,282.8610145,283.2104112,283.0273289,283.2568568,282.9962965,283.2463489
101,283.5080872,283.8350885,283.2716597,282.5681548,283.0607398,283.5325036,284.0672396,283.2433808,283.1551441,284.1188645,283.8823863,283.4394618,283.1064186,284.0167615,284.3909457,283.2207784,284.611041,284.713429,284.7888584,284.2210626,284.3860122,284.8817223,283.6943489,284.4310182,284.4724157,285.246807,284.8905442,283.9052235,284.6666922,284.5355388,283.9530824,283.8569502,285.3171786,284.4879196,284.7471504,285.0050235,284.9662527,284.7123822,284.9292406
100,278.0637642,278.9183652,278.4757469,277.2939094,277.5817757,278.1134967,279.1906297,278.2833992,278.8934334,279.0004574,278.9198955,278.2454599,278.0937038,279.270731,278.3356273,278.1338398,279.2609965,279.8614712,280.1016009,278.6541887,279.2652474,279.2180296,278.2606773,279.1622735,279.0802804,280.0729036,280.2219455,279.0827219,279.7038782,279.1681343,279.0987696,277.9083944,279.6253809,280.0671065,279.9470068,279.8010722,280.4615448,279.698588,279.8499653
91,281.1680362,281.5642529,281.0333831,280.2463764,280.6748342,280.6374353,281.8517417,280.9524542,280.8100483,281.571397,281.6528351,281.0196421,280.7794571,281.6830326,281.6536252,280.8780401,282.154282,282.6398635,282.6814296,281.8976813,282.1488562,282.0871079,281.3662072,282.0546295,282.0012258,282.697388,282.5626702,281.6127271,282.2865061,281.9997288,281.5038883,281.2652019,282.7495245,282.0551596,282.4081602,282.437201,282.5471563,282.2602646,282.4969913
107,282.6551464,283.1461686,282.5471911,281.7318944,282.2878502,282.2382958,283.3590911,282.4536399,282.7047237,283.1360456,283.0756,282.577137,282.177257,283.3733169,283.1567181,282.4338175,283.8533008,284.2014937,284.3328937,283.5154269,283.6955931,283.9173353,282.9987918,283.619772,283.676322,284.5077741,284.1497229,283.1940838,283.8299834,283.5665173,283.1682276,282.8541268,284.3179597,283.7387438,284.1775236,284.0150893,284.2323785,284.118828,284.3680763
106,282.3986162,282.7907402,282.2516399,281.4611589,281.9392016,282.2400921,282.8768435,282.1434675,282.1713531,282.9122509,282.8179484,282.3896289,282.0311496,282.9140203,283.01476,282.1075173,283.458035,283.721728,283.7028334,282.9703954,283.1201594,283.5898915,282.5537533,283.2712947,283.2857592,284.0598204,283.8460875,282.8491835,283.5909523,283.3807031,282.804973,282.6394729,284.1585842,283.2869676,283.6579467,283.7331422,283.8749928,283.6128721,283.9286546
104,280.1912949,280.9093075,280.3825694,279.2341559,279.8223832,280.2605524,281.365295,280.2096127,281.0652011,280.9957967,281.0154476,280.4581529,280.2644041,281.2309502,280.268519,280.1046148,281.2444249,281.7182263,282.1143417,280.8385638,281.3719464,281.2853494,280.2501518,281.2070709,281.1116815,282.1750144,281.9721564,281.0257708,281.6341361,281.2663227,281.1446425,280.0520605,281.6217854,281.9047389,281.9314551,281.686194,282.1831252,281.5654456,281.7318484
102,280.3680399,281.0441628,280.5221494,279.3008817,279.9278378,280.0899635,281.3063026,280.0412897,280.3897209,280.9583384,281.2046428,280.4796067,280.3393604,281.2112158,280.4119255,280.1761936,281.5115513,281.7607581,282.1950136,281.0513664,281.3714219,281.2734778,280.5696234,281.371933,281.1081967,282.380823,281.813946,280.8721405,281.2830714,281.1375711,280.8848402,280.3299971,281.721964,281.8851766,281.9929371,281.4978338,281.880784,281.3503014,281.8031308
96,281.9353839,282.2505638,282.1190872,281.3295291,281.9307512,282.0971417,282.6481609,282.1011916,281.7622093,282.6313464,282.6321398,282.2351921,281.6751226,282.5772572,282.6048028,281.8692385,282.9328778,283.4487947,283.1278207,282.399247,282.5362222,283.1501593,282.4617417,282.9496016,282.824172,283.7442349,283.5773513,282.570025,283.1290944,283.0414744,282.4519113,282.5229237,283.9873236,283.1259734,283.3899583,283.4884933,283.3878306,282.999831,283.2195119
105,286.0230212,286.3742264,285.7924849,285.198919,285.7953728,286.3832822,286.8027566,285.9859992,285.9460739,286.7980174,286.6272278,286.0749487,285.7084096,286.8329244,287.2553129,285.9290285,287.3336787,287.2653789,287.5160882,286.84895,287.0847291,287.7148886,286.276168,287.1185834,287.1665682,287.9090698,287.44985,286.6916239,287.1540893,287.0226735,286.5044839,286.6181827,288.149912,287.224296,287.2692044,287.7924755,287.5314762,287.5193658,287.5732682
109,280.3209033,280.9780955,280.5137292,279.4397314,280.0247382,280.2288629,281.351987,280.1978798,280.9090078,281.0139775,280.9477012,280.5305624,280.3155783,281.3704484,280.4282819,280.2805789,281.5776427,281.8445257,282.2273921,281.1022728,281.5046234,281.5441168,280.5028596,281.4499787,281.2691887,282.4497507,281.975229,281.0435997,281.5031386,281.2399437,281.027746,280.4393913,281.8128853,281.9856822,282.0399426,281.6283548,282.1316721,281.5777447,282.0346054
103,281.5090066,282.1992545,281.6248909,280.6584975,281.2019043,281.1717647,282.5143882,281.3671339,281.6569492,282.1216827,282.2815589,281.5504016,281.2747321,282.3969133,281.7351012,281.3897533,282.7978239,283.1245739,283.4025746,282.3224907,282.5817123,282.5774601,281.8147234,282.6034005,282.486901,283.5991912,282.9871118,282.0140442,282.5576167,282.1905681,281.9108475,281.5067236,282.9288455,282.9737394,283.1375256,282.7199256,283.0442515,282.6447585,283.0542285
113,279.876169,280.5399863,280.1967056,279.1222736,279.7623198,280.074114,281.1340578,280.037837,280.9363859,280.7240283,280.4415744,280.1966526,279.9973655,281.1285681,280.0338887,280.0087809,281.2001718,281.5433607,281.9183027,280.7832997,281.3079646,281.3633603,280.0735283,281.1108431,280.9823856,282.149291,281.808997,280.8331547,281.3886331,281.1094118,280.9647111,280.153574,281.5866801,281.7693943,281.8029596,281.485698,281.9693286,281.4413143,281.7636715
119,285.2601129,285.5663805,285.1079263,284.3558236,284.9234951,285.4555562,285.7618168,285.2224853,285.2370837,285.6860137,285.7410286,285.2481037,284.874781,285.9388886,286.0752812,285.1213755,286.3935529,286.4005872,286.6039779,285.8413258,286.2147051,286.7365671,285.4062951,286.1941744,286.3224539,287.0240681,286.8429076,286.1100627,286.5521696,286.2953815,285.8473151,285.8641071,287.2657072,286.4183719,286.5412828,286.8700777,286.9106021,286.8177015,287.1276852
120,283.0679468,283.2608193,283.4155288,282.4830752,283.0120647,283.3750794,283.6238173,283.2772542,282.5080921,283.5615991,283.4843492,283.2453127,282.6237895,283.8701616,283.9573558,282.854515,284.004706,284.4686451,284.2130064,283.6312205,283.3836774,284.1196852,283.3457584,284.1688388,284.0521683,284.9698242,284.8475843,283.958972,284.2629283,284.1864986,283.7417536,283.8542121,285.199944,284.337737,284.3768067,284.742671,284.6784326,284.3346439,284.6605762
115,283.2984768,283.6792703,283.1280621,282.302176,282.8116703,283.2192046,283.682698,283.1158076,283.199201,283.6498426,283.6472113,283.1918276,282.8253618,283.9030517,283.8200995,283.0562025,284.2844704,284.5189123,284.5612386,283.7956051,284.1126636,284.4666917,283.3949838,284.0582148,284.2344428,285.0203876,284.8263209,283.8789693,284.5132677,284.2327529,283.726697,283.5853037,284.976226,284.1957705,284.674748,284.689846,284.8423789,284.7834935,285.0734499
117,282.4752881,282.891799,282.3055114,281.5503212,282.0040162,282.1052641,282.9240642,282.2040641,282.5373172,282.857409,282.815239,282.3342745,281.9941747,283.1783515,282.8999545,282.26465,283.55502,283.8415746,283.8482892,283.0239935,283.3374102,283.5942667,282.5769303,283.1454924,283.4103684,284.2185646,283.8702284,282.8683457,283.593352,283.3401073,282.881811,282.6914178,284.0803141,283.3620427,283.9405825,283.8081375,284.0050038,283.9004699,284.2568797
108,282.1112871,282.7006864,282.1774741,281.3621136,281.9126649,281.732734,283.0329147,281.9870478,282.5858565,282.7641564,282.6122816,282.1405623,281.6274174,283.0396631,282.5125044,282.0242258,283.5082631,283.8305327,284.0691795,283.0403937,283.2891413,283.4168816,282.533993,283.2497775,283.2046035,284.2748053,283.6735686,282.7486727,283.2848587,282.9431199,282.6555148,282.3447342,283.7338018,283.5651327,283.8838241,283.4889884,283.8105176,283.543192,283.9677267
112,283.0585493,283.6007558,283.025983,282.2280719,282.7638765,282.6278615,283.7678136,282.911195,283.5737627,283.58099,283.4369327,282.9792668,282.5491261,283.9077153,283.5310979,282.9044298,284.4197397,284.6616157,284.815902,284.0116225,284.2922457,284.4735932,283.4552758,284.0961482,284.1833043,285.1001248,284.6459947,283.684027,284.3077405,284.1013255,283.7283887,283.4353255,284.7963237,284.3501082,284.8295736,284.5523986,284.8130713,284.7287976,285.0779603
110,276.5643877,277.5973296,277.3117712,276.2108325,276.4201561,276.8754763,277.9704389,277.0918776,277.6005546,277.5823789,277.4108378,276.8576391,276.6921655,278.2471837,277.3450644,276.9848105,278.036188,278.5298129,278.9380169,277.5045938,277.9627631,278.1871221,276.7743245,277.8033659,277.5285774,278.8491716,279.1286709,277.8502331,278.6223702,277.9755619,277.9114549,276.6143898,278.3170061,278.844116,278.5376549,278.4388408,279.1028863,278.5111859,278.7070266
111,286.5913897,286.9137184,286.4846358,285.8614489,286.3900523,286.9192695,287.1854947,286.6934085,286.6044074,287.1625689,287.2203319,286.7878912,286.1907241,287.3950561,287.8072039,286.6320912,287.9383022,287.9328453,288.0580075,287.3610451,287.6623884,288.2382708,286.8804254,287.6755813,287.652459,288.497969,288.1648768,287.3450964,287.6977232,287.579705,287.0928207,287.2452429,288.7178083,287.8290486,287.8384757,288.3215686,288.1494194,287.949644,288.1740872
125,284.8801344,285.103798,285.0824447,284.2031115,284.6889139,285.2423016,285.2616062,285.0219612,284.5034832,285.130744,285.2026217,285.112005,284.5110429,285.7529634,285.9403531,284.7659009,286.0331891,286.1965743,286.1683635,285.3994895,285.4948932,286.1613399,284.9492093,285.8688711,285.6702953,286.5675026,286.4630118,285.5720979,285.8777904,285.7770859,285.3774161,285.5950387,286.9548007,286.0304315,286.0119828,286.4970405,286.5458397,286.0829418,286.5519152
123,283.2814951,283.5165109,283.5313068,282.7186411,283.1418692,283.5659182,283.6751817,283.4620151,282.7231816,283.6168028,283.7454739,283.4724675,282.8427592,284.0916095,284.2606568,283.0851054,284.2624804,284.7138426,284.4837987,283.8392247,283.6715761,284.4417501,283.5636503,284.3032702,284.1590915,285.0865568,284.9281943,284.0060902,284.3898866,284.2963612,283.8355642,284.0178861,285.4458025,284.5041539,284.5027839,284.9082994,284.9258916,284.4760645,284.8589425
132,284.2595285,284.4958951,284.4076058,283.5438211,283.997881,284.51878,284.6560083,284.3181762,284.0526721,284.411017,284.5077853,284.3885639,284.008668,285.0713721,285.0480782,284.1703257,285.4101565,285.5120386,285.5454416,284.6451244,284.9450113,285.450571,284.301684,285.14305,284.9959593,285.7943601,285.7813085,284.8960194,285.3311998,285.1340445,284.7102589,284.8261512,286.2426568,285.3001977,285.4010955,285.7826289,285.8972159,285.5245252,285.9617213
128,279.1622775,279.7017494,279.5659664,278.6630192,278.9708607,278.9571464,279.9651039,279.2645363,279.7399587,279.8939224,279.6674937,279.379016,279.0316188,280.2031646,279.5001121,279.2976804,280.5149703,281.0384404,281.0213166,279.8515044,280.1128928,280.3721513,279.2350006,280.1107645,280.0429574,281.1783028,280.8187046,279.7777861,280.3301311,280.1612962,279.6765452,279.1780565,280.8735807,280.6184577,280.6787703,280.5646701,281.0110475,280.7071203,281.2309526
127,278.5355401,279.075718,278.8702943,278.0250274,278.2428922,278.3102412,279.1924189,278.6395822,278.9842432,279.2572996,279.1238513,278.8464961,278.5632366,279.4678059,278.9682675,278.6211331,279.8845627,280.3241024,280.1742269,279.1379428,279.2974332,279.6824758,278.8041358,279.3526653,279.3887376,280.2581379,280.0508447,279.0544192,279.6309262,279.5601858,278.9244707,278.5015025,280.2653968,279.7424512,279.9972553,279.8715967,280.2950105,279.9311907,280.5084874
131,283.2382752,283.5600398,283.1680401,282.4525973,282.7231306,282.9613825,283.5543678,282.9600893,283.1169239,283.3151627,283.4355415,283.118109,282.9726783,284.012162,283.686828,283.0073656,284.290405,284.6107203,284.7112395,283.7607726,283.8881782,284.1966447,283.2847763,283.8272959,284.1328788,284.8542562,284.5764479,283.7501514,284.2618289,284.1241659,283.6235577,283.3487282,284.67703,284.0482032,284.6903241,284.4828901,284.769782,284.6944311,285.0306443
135,285.898637,286.126207,286.2180658,285.2536937,285.6816779,286.3757723,286.1853127,286.101414,285.4479737,285.9103518,285.9251035,286.0944026,285.6581961,286.8400514,286.8942786,285.7409463,287.0649163,287.0763126,287.194066,286.301846,286.4362964,287.0019374,285.7828961,286.8871709,286.5151968,287.3659766,287.4395264,286.651893,286.7809579,286.6463815,286.412147,286.5774095,287.8326547,286.9604599,286.9760364,287.4584709,287.6881696,287.1194235,287.6321505
130,285.0035139,285.217438,284.7794637,284.0952047,284.5228245,284.9668003,285.2423673,284.7154787,284.8320717,285.1178494,285.2098366,284.8240434,284.575785,285.6313074,285.523849,284.7451545,285.9450961,286.0512828,286.2330752,285.2481686,285.5468164,286.0925521,284.899089,285.628974,285.7763572,286.4962309,286.3613933,285.6091436,286.0908803,285.7390832,285.3124103,285.2015777,286.4445299,285.68874,286.1390765,286.3329036,286.5066809,286.418792,286.6837574
124,282.1844407,282.5228535,282.1387664,281.388421,281.7467798,281.9686406,282.3779264,281.8960658,281.8340174,282.3685489,282.3708116,282.0933876,281.8346642,282.8913998,282.6073663,281.9732615,283.1782258,283.4543246,283.5538386,282.5694889,282.6925372,283.0657245,282.1508865,282.7391122,282.8902239,283.5514887,283.4504281,282.585723,283.1029881,282.9294235,282.4759052,282.2443689,283.6189781,282.9221895,283.4313888,283.3767134,283.6007395,283.4874616,283.8544543
116,278.9401059,279.7266773,279.638,278.594144,279.1280449,279.5436031,280.4807964,279.5737213,280.3019943,279.9568912,279.6321205,279.2259655,279.2318507,280.6279478,279.6597159,279.5370264,280.50634,280.9948027,281.5258106,279.904627,280.6653378,280.7493012,279.2900879,280.3570426,280.4333223,281.6301994,281.6646973,280.4546452,281.14897,280.7795517,280.7193314,279.4714388,280.9952952,281.3383868,281.3718839,281.1387244,281.7038864,281.143566,281.2490366
137,284.304954,284.3702886,284.6664001,283.7084089,284.1742919,284.7430261,284.8859911,284.6198618,283.666933,284.7074803,284.5349631,284.5640913,284.0678135,285.2985224,285.344587,284.107675,285.2983872,285.5406801,285.3993573,284.8768854,284.593048,285.3192687,284.3815128,285.3002636,285.0508962,285.9657602,285.9070147,285.1206601,285.2945049,285.2060121,284.8613594,285.035103,286.3326768,285.353006,285.3901302,285.8938399,285.8767157,285.3920208,285.9127846
126,277.9335276,278.5724351,278.5400959,277.4868418,277.916078,278.1019633,279.215211,278.2532519,278.9284525,278.9874995,278.4241421,278.1500561,278.0832396,279.3348985,278.22139,278.317244,279.3377339,279.9470201,280.0751583,278.5894456,279.2382973,279.531488,278.1988185,279.1283532,278.8650382,280.2735867,280.0284968,278.8518089,279.4309958,279.1406886,278.794127,278.0670497,279.7019816,279.9270825,279.6129961,279.5486358,280.0817575,279.652803,280.0621903
68,283.2123828,283.4628641,283.1300876,282.2851012,283.1134756,283.4176106,283.8955326,283.2242377,282.9167832,283.6964947,283.7940281,283.3288095,282.8790976,283.8899494,284.1282554,283.4406034,284.3551707,284.598682,284.4348831,284.1977757,284.4245438,284.8310898,283.975993,284.5612471,284.3829139,285.1726306,284.7832465,284.1158048,284.4988679,284.1949461,283.8221002,283.8185613,285.370943,284.6375176,284.8864526,285.3371188,284.9732457,284.5304547,284.5368129
62,281.8310063,282.5443203,281.9536759,280.9976753,281.3650036,281.6563911,282.9394922,281.7620147,282.4554276,282.8320981,282.625518,281.8195583,281.6857017,282.4694158,281.7098247,281.4118468,282.675016,283.4120846,283.2325928,282.1581322,282.5430944,282.6398274,282.2645032,282.4592303,282.4621555,283.4685936,282.8719475,282.0859509,282.7437124,282.3884786,282.1699288,281.7752473,283.1809884,282.9207769,282.8688324,282.7696038,283.3310716,282.7372904,283.0156669
63,282.2215633,282.8642277,282.2491058,281.4886705,281.8366878,281.9034242,283.2844285,282.1461658,282.6522746,283.1035574,283.0729775,282.0968297,281.9597595,282.8921941,282.1548839,281.946075,283.202306,283.6890258,283.639907,282.9097824,283.0312796,282.9742215,282.7431186,282.9722581,283.0550424,283.9789994,283.347968,282.5732509,283.3027691,282.9200542,282.5933585,282.3843198,283.9205584,283.3568954,283.4372476,283.2599527,283.6458567,283.2834761,283.3358564
74,282.7078959,282.9175216,282.2857121,281.7243055,282.3108618,282.7215787,283.3092314,282.3792307,282.0112246,283.2061454,283.1458046,282.6201579,282.3178479,283.1600664,283.6398186,282.5723193,283.8725101,284.2503892,283.9830248,283.669568,283.8988997,284.0656633,283.26676,283.8139439,283.6755048,284.415026,284.0935407,283.271109,283.9463311,283.49607,283.1193202,283.0211262,284.5430677,283.7958838,284.0186677,284.3571774,284.1251815,283.9108649,283.9410529
69,280.4412852,281.1358485,280.5923862,279.5555448,279.9812844,280.2438377,281.5449639,280.3344522,281.0370917,281.437393,281.2194932,280.5545294,280.3713463,281.1766468,280.3151749,280.0272084,281.3821438,282.0690227,281.9109224,280.8135304,281.1456877,281.2743184,280.9234715,281.1172409,281.0731262,282.0837715,281.5459578,280.7287285,281.3419387,280.9942748,280.8348194,280.3145034,281.7821188,281.6227029,281.5676777,281.3654533,281.9784053,281.2905423,281.6659976
70,280.9921026,281.3935112,280.7794387,280.0477094,280.4436609,280.5483218,281.8186626,280.7443822,280.2987007,281.3081314,281.4783478,280.7359777,280.5968898,281.3036607,281.3237982,280.5715515,281.8242161,282.3390376,282.2860223,281.7786933,281.938858,281.9107938,281.2204854,281.8348537,281.6801643,282.5406654,282.2472905,281.4657191,282.0622088,281.6112669,281.2575622,281.0619041,282.4894666,281.7159943,281.9944643,282.2414892,282.2011359,281.9672706,282.004713
65,281.5536555,282.1961748,281.5189389,280.8032543,281.0893608,281.1847255,282.6539347,281.3551232,281.2881834,282.1175121,282.3187124,281.2742934,281.2774837,282.0238271,281.6151806,281.101543,282.5121769,282.9729203,282.8446289,282.2238554,282.2449571,282.4105072,281.8401322,282.2402425,282.3305015,283.3215947,282.6519257,281.9961573,282.6429488,282.099582,281.7798526,281.5951882,283.015462,282.2076254,282.5971691,282.718936,282.734537,282.4528833,282.4043898
59,277.7171484,278.7144248,278.0346603,276.9895879,277.377295,277.6979798,278.8265241,277.7832956,278.5773605,278.8845046,278.4352681,278.1892612,277.7136778,278.704132,277.8050032,277.5698094,278.885738,279.4907354,279.1686632,278.2048866,278.5375882,278.9322793,278.201216,278.440254,278.2290475,279.3829383,279.2443519,278.4078521,279.0066175,278.329322,278.1863751,277.5642248,279.3097057,279.1438865,278.8841374,278.8231682,279.3624016,278.7077043,279.1940138
66,280.9364162,281.4026585,280.8413769,280.0020915,280.6005121,280.8689555,281.639874,280.833957,280.3452032,281.6217182,281.5460377,280.9946231,280.7289569,281.4667554,281.6134148,280.7647256,282.1339076,282.5687975,282.2982063,281.9306069,282.2324866,282.3768916,281.6514713,282.2002342,281.9156926,282.6854309,282.4826719,281.7753906,282.3300317,281.9612527,281.3695811,281.2559149,282.7623526,282.0195369,282.1900637,282.6460743,282.5268012,282.1128149,282.2074809
67,281.6197812,282.3049479,281.7033822,280.9119438,281.252774,281.2893358,282.7878837,281.5333334,281.8457143,282.4566509,282.5007755,281.4749644,281.4048127,282.3004553,281.586994,281.2922864,282.6767603,283.1143227,283.0337045,282.260043,282.3696635,282.4261704,282.0325229,282.3316675,282.4717455,283.3553295,282.7843157,281.9688698,282.6715257,282.250295,281.8973318,281.7003592,283.2219763,282.5918021,282.8301274,282.7082956,282.9728311,282.6865017,282.6186257
76,281.2327975,281.9229471,281.332734,280.4294038,280.8545596,280.7582567,282.3637489,281.1216888,281.4801671,282.0290597,282.1450898,281.1900925,281.057601,281.9218266,281.1561961,280.9419888,282.2911624,282.753317,282.7427903,281.8617141,282.054073,282.0460379,281.6705371,281.9746081,281.9465408,282.9347788,282.4654362,281.5220085,282.1296667,281.8213258,281.536446,281.1697242,282.8314776,282.3406009,282.5307633,282.2545576,282.66305,282.2640617,282.2479877
1,265.1877597,264.1556493,263.1365747,265.512345,265.7487658,266.5339329,267.7419537,266.2381857,264.5581733,264.217142,265.2855061,264.135602,264.9406283,265.2674738,264.4644668,265.225677,263.9611259,265.6545783,265.4792604,264.6168862,264.6582087,265.7224429,266.4921556,264.9245132,265.1054763,266.2928191,266.0396403,265.0907993,266.4550687,265.9750243,264.7249873,264.7646673,265.3461946,266.1335261,266.662168,265.6393566,265.1272961,265.1733474,265.4456964
2,266.7093521,265.7256278,264.2397972,266.9816467,267.6938263,268.4182305,269.1195738,267.5253729,266.1934216,265.4373735,266.8584036,265.4369216,266.3744223,266.5426449,265.4361213,266.6702482,265.397913,267.2811542,266.9249323,266.057749,266.152583,267.1959454,268.374425,266.6757557,266.5895104,267.7669327,267.3073436,266.3236666,268.1885787,267.5602414,266.784769,266.1857245,267.1500976,267.5365967,268.3843493,267.3630673,266.564812,266.4509795,266.8815767
6,266.2248976,265.3299653,264.0654102,265.8351552,265.899189,266.685101,268.4661846,266.9354685,265.5020835,265.1873473,265.9406442,264.7904333,265.577688,266.1058282,265.2120369,266.2153844,264.6552751,266.502959,266.4707512,265.4164334,265.4837064,266.3582613,267.0131837,265.9501613,266.0174105,266.8977136,266.5290632,265.6288938,266.8163017,266.8699129,265.6191695,265.8298372,266.3953629,266.7270037,267.1860698,266.3694015,266.2336303,266.0321426,266.3264773
3,265.2932097,264.2470708,263.3688495,265.6395395,266.2267598,266.4894902,267.3574828,265.8166454,264.6777011,264.3377889,265.5963419,264.1776442,265.2345059,265.327346,264.3918436,265.3511455,264.3566466,266.0039221,265.5909488,264.8694622,265.1170247,265.6043217,266.4817811,265.0419652,265.3060894,266.2819515,265.7141382,265.0546438,266.363231,265.9566216,265.4200156,264.7200102,265.8312092,265.6962217,266.0051857,266.0309234,265.4513683,265.3190033,265.6851569
5,265.2002981,264.3782241,263.5212392,264.8517335,264.4354599,264.697018,266.4265925,265.4914572,264.5248645,264.4555037,264.9269278,264.0230983,264.8390186,265.2198253,264.6968181,265.2885283,263.8442012,265.5208459,265.4775718,264.4914645,264.4720683,265.142083,265.6132631,264.7419187,265.1791862,265.8985646,265.6625323,264.7153234,265.6025383,265.7002568,264.5595965,264.8297282,265.359792,265.3698742,265.7374509,265.4817499,265.3453513,265.2019398,265.284078
4,267.8756995,266.6351643,265.4938626,267.566535,268.3770032,268.829348,269.8289695,269.0334068,267.685224,266.8578295,267.628415,266.5492923,267.1936175,267.6512561,266.6835029,267.8730201,266.7057445,268.5120174,268.0938482,267.1967118,267.4540689,268.0930282,268.6588631,267.8820845,267.8748974,268.6727842,268.0995307,267.5108297,268.9285172,268.4997713,267.6123836,267.3429122,268.1996171,268.2028805,268.6984692,268.193845,267.8620632,267.5492428,267.9621739
9,266.7122437,265.7131146,264.8565053,266.332718,267.0715809,267.616073,268.7667408,268.0745803,266.655708,265.9847298,266.6497003,265.6375086,266.3250361,266.9873467,265.8960572,266.8020907,265.7212255,267.7377838,267.1724429,266.2945268,266.5220196,267.1782963,267.6142657,266.9868288,266.7713635,267.6236454,267.2563916,266.7656189,267.939916,267.6500567,266.4023401,266.1980872,267.1722223,266.9470818,267.3110323,267.0614529,266.9756262,266.7245794,266.9950976
8,266.9196388,266.1317472,265.036788,266.5256189,266.4277198,267.174798,268.8962293,267.6654334,266.4712001,265.8331315,266.3829842,265.5620208,266.1623661,267.0662526,266.1380518,266.9361677,265.3712873,267.104365,267.3965345,266.2155796,266.2751543,267.1068736,267.8879167,266.9931999,266.7259609,267.4995032,267.1428039,266.481741,267.457678,267.5828001,266.0720252,266.3197585,266.9442789,267.1376199,267.6399183,267.0081032,267.0431996,266.617005,267.1085287
7,267.6627438,266.4766854,265.3338597,267.0830533,268.1214293,268.9755409,270.1989904,269.1733117,267.7559082,266.6261247,267.3575397,266.2452751,266.91601,267.7652969,266.3636939,267.7742866,266.2737833,268.4865949,268.1328844,266.9753368,267.1464088,268.0782676,268.6021163,267.9521376,267.4661371,268.3931665,267.9675721,267.6541755,269.1203387,268.8052174,267.1103457,266.9800821,267.9210393,267.6953348,268.179023,267.7680087,267.7032367,267.3637585,267.8965186
147,277.3159521,277.970465,277.8583545,276.7366467,276.9942793,277.1161653,278.0211284,277.2425696,278.0019882,278.0713201,277.6028322,277.3547826,277.3817249,278.4049582,277.5776455,277.4580776,278.2599773,278.951557,278.8956611,277.6657593,277.7574671,278.2290086,277.1457673,277.9464597,277.7789569,278.8355572,278.8394589,277.8147342,278.1503498,277.7279061,277.4956879,276.934712,278.5183101,278.5990234,278.3564477,278.3483235,278.8919989,278.4839256,279.075226
141,280.3383041,281.0403419,280.8512064,279.9357582,280.2231845,280.2687363,281.1403019,280.49703,280.9777995,280.8498114,280.5705468,280.2938211,280.2957152,281.3284469,280.6242356,280.4586654,281.3661458,282.0895238,282.1198551,281.0735514,281.1911835,281.3934923,280.2193822,281.3339276,281.2079941,282.2700015,282.0856307,281.1107199,281.3607728,281.1816523,280.9341821,280.5548497,281.8470949,281.847712,281.8443743,281.7251914,282.204685,281.8218389,282.352576
156,287.8277254,287.9140151,287.9407661,286.8867408,287.2143014,288.1222303,288.1288687,288.0551688,287.4946077,287.7174172,287.477906,287.8001962,287.4735481,288.6462018,288.3283471,287.5316456,288.5621396,288.727683,288.9041337,288.1362019,288.1334227,288.7790471,287.4438882,288.418842,287.8940928,289.0294804,288.9619924,288.410326,288.3330338,288.4368564,288.0055774,288.2421971,289.2572034,288.8850428,288.5244045,289.0865668,289.1690418,288.9716455,289.5388266
154,283.8338561,284.0828961,284.2522686,282.9494363,283.1382597,283.8217917,283.810226,283.9045216,283.4720044,283.427294,283.4431695,283.8781963,283.4914364,284.4972804,284.1855876,283.5608749,284.5229666,284.77932,284.8978758,283.7484582,283.740312,284.2283158,283.4019517,284.4286446,284.167716,284.997637,284.9492248,284.2869448,284.3389621,284.1224441,283.762376,283.9432811,284.7798898,284.7056509,284.6593241,284.8351841,285.0845367,284.9119424,285.3092
148,277.4911768,278.2836236,278.5765351,277.4282818,277.7314004,277.9136612,278.9986764,278.1653913,279.1908292,278.734426,278.0595627,277.6045556,277.921685,279.3333468,278.1922193,278.035796,279.0292104,279.6361108,279.9294356,278.4834707,279.1066124,279.1549152,278.0045118,279.0399256,278.7074267,280.0686514,280.3430685,279.0553116,279.2175399,278.7014191,278.9236808,278.1046158,279.3490323,279.9264528,279.4200529,279.2440393,280.046721,279.5407565,279.9878836
140,277.3405787,277.935894,277.8647497,276.9215935,277.1694438,277.1882614,278.1394005,277.5549547,278.0811238,278.116554,277.8272506,277.4298267,277.2937953,278.4647735,277.6636214,277.6401831,278.4858363,279.2116154,279.1837682,277.9778117,278.0926524,278.543323,277.2540133,278.2709116,278.0628954,279.3179119,279.1220262,278.07542,278.4200444,278.1279465,277.8784962,277.210499,278.908731,278.8803149,278.7070486,278.6142386,279.2306384,278.8771231,279.3982947
150,280.2899942,280.9086776,280.7193917,279.622498,279.8027268,279.985279,280.6627515,280.1994133,280.6355225,280.545172,280.1851539,280.1513908,280.1966522,281.1501516,280.5423277,280.1853419,281.0240724,281.6047568,281.6819037,280.5878253,280.599694,280.911319,280.0540554,280.9014558,280.7044377,281.6279893,281.6505201,280.7329222,280.9454325,280.6204647,280.5210107,280.0682913,281.2869759,281.4602424,281.3014333,281.3373592,281.7648174,281.3263032,281.8631612
155,278.0811921,278.5642965,278.7379272,277.596882,277.6974857,277.8471986,278.9098726,278.347772,279.1072837,278.7856036,278.4970845,278.073798,278.2515244,279.2899449,278.3472893,278.2714644,278.9409994,279.6993327,279.7555867,278.5926244,278.8885731,279.316709,278.2974962,279.1082426,278.7927833,279.9389982,280.093593,278.9734155,279.3812984,278.6273339,278.7924946,278.064511,279.4185402,279.7563668,279.5222743,279.4440743,280.0415241,279.5453432,280.022364
143,279.2312516,279.7840321,279.7999519,278.8167631,279.2377878,279.1228064,280.2959483,279.5391355,280.2705718,280.0259587,279.6158109,279.1448867,279.3357918,280.4475899,279.3325896,279.4529245,280.1936661,281.0660652,281.2256877,280.0190178,280.4502462,280.6483953,279.4374211,280.4464054,280.1855498,281.431167,281.4072613,280.1756435,280.4919523,280.1688202,280.1480116,279.5239124,280.829707,281.0745704,280.8930616,280.6680311,281.2592089,280.8547091,281.2736564
157,287.8853397,288.0579663,288.0813404,286.9406175,287.2247291,288.072339,288.1874337,288.1401909,287.730529,287.9001545,287.5890272,287.8040469,287.4790151,288.7711779,288.2915799,287.6486518,288.7006642,288.8172875,288.9061671,288.2235683,288.2489249,288.9106704,287.4987376,288.4374485,287.9140646,289.1356021,289.0083663,288.2360081,288.36411,288.4769115,287.9260901,288.2736244,289.2053662,288.9949355,288.5151611,289.1189505,289.100679,289.0731362,289.6616537
158,287.7892811,287.9709211,288.1234341,286.8462653,287.0195143,287.8247635,287.9490048,287.9168898,287.734616,287.7508919,287.4611298,287.6597509,287.2982689,288.5535787,288.0781747,287.4788836,288.57042,288.6825132,288.7776604,288.0552123,288.0862924,288.6899267,287.3419682,288.2406337,287.7747597,289.0564111,288.8224132,288.1246572,288.1715593,288.2136121,287.5980352,288.0279677,288.8611873,288.8491966,288.3953124,288.809949,288.9724872,288.9569094,289.520344
159,287.6471856,287.8559528,288.1120724,286.7467326,286.8551657,287.5812956,287.8271145,287.7215147,287.7124431,287.6864711,287.3429802,287.5899176,287.2315268,288.4642103,287.8549797,287.3827546,288.3644275,288.5742752,288.6025974,288.1206433,287.9665837,288.6575001,287.2411139,288.0287639,287.5930444,288.8611211,288.6100274,287.8456096,288.0364649,287.9058487,287.3081819,287.7163392,288.4092094,288.6336688,288.2344927,288.5429779,288.8173466,288.8366104,289.2980058
160,287.1554239,287.4973876,287.7165682,286.4571535,286.5114824,287.0206602,287.4633906,287.3500497,287.5141573,287.4295045,287.0007416,287.2050729,286.9714324,288.1420435,287.4360447,286.982402,287.8663479,288.228247,288.1991564,287.8903284,287.6480313,288.3827756,286.9975562,287.7314011,287.2097554,288.4460389,288.2700696,287.4201297,287.70221,287.4977813,287.0754554,287.353328,287.8931886,288.308592,287.9747194,288.1819748,288.515523,288.5136492,288.8721994
161,286.7346426,287.3854641,287.4827738,286.2194619,286.0703077,286.6691218,287.1119232,286.9257775,287.3322494,287.0440017,286.6163738,286.8399331,286.6527646,287.7872855,287.0423652,286.6363883,287.5283508,288.0000558,287.9538771,287.643945,287.3484351,287.9846794,286.7216861,287.4279149,287.0102082,288.0800185,287.975312,287.2496602,287.4108611,287.045396,286.8263495,287.0326826,287.4189587,288.1509727,287.7598351,287.9574021,288.1620933,288.0707439,288.4296603
162,285.9977791,286.4570439,286.5803291,285.4735408,285.4831981,285.8764496,286.29591,286.2429656,286.5153267,286.3933277,285.9007087,286.0814864,285.8938714,287.0086683,286.3497549,285.9059369,286.7439502,287.1039387,287.0660714,286.7536443,286.5785211,287.2513496,285.9839581,286.7481863,286.193972,287.3514103,287.2361241,286.3661029,286.6579455,286.3670358,286.1002335,286.2429913,286.6435714,287.2281717,287.0125467,287.1992578,287.4172868,287.3678731,287.6697898
164,284.9434919,285.3789042,285.4984915,284.4721777,284.4735951,284.7883638,285.1992191,285.2070171,285.4930267,285.3593938,284.8779656,285.0363053,284.8876029,285.9927636,285.3114384,284.8837598,285.6774168,285.9783329,285.9594328,285.6096899,285.5240129,286.1739372,284.9767191,285.7781745,285.2135904,286.3544622,286.228714,285.3251335,285.6417424,285.2556111,285.0839387,285.1715853,285.4780662,286.1674948,286.0296201,286.2051286,286.3918538,286.2860239,286.577573
163,286.3732551,287.2398768,287.1122509,286.0274403,285.7840418,286.3320945,286.7405696,286.7176087,287.2237004,286.6658342,286.3006921,286.5230763,286.4716829,287.5401287,286.6790231,286.3844868,287.2648696,287.7018601,287.6365531,287.3503716,287.0280114,287.6403754,286.5587735,287.1673133,286.9729589,287.8395137,287.6717502,287.1670342,287.2334443,286.6943314,286.5509549,286.6767633,287.004528,288.0275701,287.6103207,287.7448451,287.9787773,287.8468215,288.1649252
165,285.9051536,286.7348855,286.5708821,285.6306915,285.2093921,285.7859441,286.1196674,286.239472,286.7536582,286.1772099,285.8577511,286.0352007,286.1779758,287.1081688,286.214105,285.8848569,286.6151094,287.1408241,287.1028313,286.8499218,286.6388036,287.032949,286.1878635,286.8230579,286.5528474,287.1522741,287.081838,286.6920867,286.7371004,286.0098721,286.133234,286.1904116,286.3312808,287.4511859,287.0436794,287.1813379,287.5020948,287.1334652,287.6033356
121,280.8292792,281.2683002,280.8881759,280.1180748,280.4477678,280.5852187,281.262727,280.6247165,280.8188098,281.2311482,281.2239525,280.894401,280.5822129,281.6284274,281.2752262,280.7164322,281.9701012,282.3043874,282.2672377,281.2580212,281.4633673,281.8307691,280.9107581,281.4960581,281.6153501,282.3773556,282.1979639,281.2205405,281.8563476,281.6486292,281.1105427,280.9224453,282.4116206,281.7321408,282.1950801,282.0859089,282.3818065,282.1193442,282.5578484
21,271.2597811,270.8440266,269.4691045,270.0859304,271.3116806,272.3641434,273.2672818,272.1098203,271.0293946,271.524248,271.5130468,271.2314729,270.7529114,271.5514524,270.6273127,271.8877602,270.4049972,272.6798107,272.3644071,271.212495,271.0790671,272.7052405,273.7171883,272.6355805,272.4422763,272.8029295,272.2560877,272.1768119,273.0800395,273.7446575,270.6207485,271.060134,271.8255965,271.5016877,272.7276457,272.3814346,272.3339962,271.6367252,271.9861506
118,281.5898633,282.0866429,281.7618893,280.919402,281.3967549,281.1404773,282.3872363,281.6116972,282.416985,282.2810697,282.1138615,281.6581003,281.1838649,282.5610014,282.0197273,281.5358458,283.07293,283.3779624,283.4299739,282.5101554,282.8913725,283.1088244,282.0904555,282.757874,282.7735605,283.8475463,283.3032311,282.3173253,282.9506501,282.7086211,282.2264558,281.9718247,283.4359911,283.0705299,283.4761376,283.1375496,283.5063263,283.2831153,283.7418092
26,271.152275,270.45019,268.7627504,269.989437,269.3282072,270.8163556,272.0599868,270.0978901,269.1147318,270.4815205,270.3094529,269.6634003,270.1694606,270.3907374,269.6610667,270.3468946,270.0490559,270.4687831,271.6160236,270.2764072,269.8966691,271.233974,271.9825429,270.8685694,270.3262349,271.2200821,270.522462,270.6043177,271.7293381,271.0522247,269.9997592,270.5004703,270.7933828,270.6172921,271.3777168,271.6333758,271.1455268,269.8603652,271.6932147
86,284.0347013,284.1991962,283.6953233,283.198426,283.7264749,284.3525904,284.8278775,283.77645,283.5161718,284.5666592,284.4745675,284.0403152,283.5576337,284.6807781,285.1457412,283.9505895,285.1496824,285.3388672,285.2481019,284.7310664,284.9685863,285.4253323,284.3579419,285.1116673,285.0796047,285.8173138,285.3462871,284.3901496,285.1049013,284.8285911,284.3592851,284.3032223,285.9568157,285.1000539,285.2649242,285.6892067,285.3536518,285.1490975,285.1221856
114,280.9449445,281.4359963,281.1958472,280.2122352,280.7682085,280.8027808,282.0514245,280.9592186,281.7085766,281.7487641,281.3828165,281.0851036,280.693798,282.0525347,281.0772515,280.9892303,282.2912638,282.6728923,282.9113625,281.7692248,282.3272045,282.3529633,281.2588974,282.1144783,281.99346,283.2347571,282.7109217,281.6551701,282.2607839,281.893095,281.7337712,281.3094983,282.5877922,282.6949038,282.8152444,282.4502279,282.9071444,282.4904705,282.9117997
10,267.2640096,266.3054397,265.6718222,266.5775452,267.1067557,267.2911706,268.2062721,267.3901928,265.9577302,266.868408,267.2951972,266.4046023,266.7578939,267.2972838,265.8653362,266.8628096,266.3293263,268.543121,267.338617,266.4391171,267.0998999,267.6634784,267.785158,266.8593949,266.9293204,268.3060323,267.3912321,267.0057075,267.9989951,268.5746244,267.3764619,266.8028553,267.7002918,267.2680625,267.647265,267.9956398,267.1822602,267.0424349,266.8338203
12,266.266387,264.8046602,264.6085508,265.4594713,265.9375128,264.8746813,266.4616881,265.9702025,265.0690863,265.2846287,265.7551706,265.8369794,265.6325139,266.4931695,264.2019014,265.3058544,265.8764129,267.6682059,266.4705829,265.7875808,266.7767943,266.8290113,265.9063679,265.081968,266.7411803,266.8636424,266.5206115,266.2851718,266.6737044,266.9920228,265.8231417,265.8042657,267.1499181,265.6185865,266.8543385,267.4191322,266.4609341,267.0741534,265.3923414
11,266.030105,265.2548054,264.5186369,265.3861278,265.4754092,265.9621415,266.9232224,266.5557496,265.3569246,265.5246288,265.9290527,264.938197,265.704532,266.2210403,265.357212,265.7938285,264.9260679,267.0865687,266.3565838,265.5104546,265.6396455,266.4246992,266.6709526,265.6537476,265.8416842,266.8258945,266.5177833,265.8693846,266.6164736,266.776271,265.6863057,265.5492877,266.4776124,266.2874102,266.7547898,266.4089333,266.4035897,266.0624434,266.040578
15,272.3626443,271.5394221,270.9989584,271.6614808,272.0858885,271.9455926,272.7513628,271.9603215,270.7734577,272.2536214,272.3470729,271.7749058,271.5954341,272.1827865,270.3188352,272.1329213,271.4036668,273.2087531,272.2518116,271.4255554,272.327188,272.9027,273.1970967,272.0157243,272.4829524,273.6964149,272.5667627,272.0571242,273.2479347,273.8792681,272.9000297,271.8400447,272.7911014,272.4914904,273.1314027,273.4944926,272.4728188,271.7044587,271.5706563
20,268.191758,266.7089593,266.6145946,267.6556789,267.6782464,266.8137511,268.1600333,267.5343322,267.1191089,267.2634701,267.6950277,267.6884612,267.4220026,268.0032379,266.6168564,267.3450083,267.5441606,269.4761888,268.3612216,267.865461,268.8044074,268.803765,267.996409,267.606838,268.3100513,268.3947668,268.8354069,268.3658053,269.3314057,268.9051267,267.9481514,267.6806424,268.8818216,267.7576235,268.2648182,268.6920414,268.7803015,268.8209812,267.6802991
13,267.8641911,266.6159938,265.9571822,267.1449866,266.8329597,268.5116032,269.4641347,268.419049,267.0239269,266.4894863,267.1258865,266.9057599,267.416411,267.7283121,267.5135518,267.6218411,266.4672629,267.5713352,268.7552562,267.4768454,267.5344801,268.6233435,269.4167937,268.2314011,267.9481736,268.8750331,268.0738058,267.7250779,268.6032704,268.0056885,266.7395712,267.0021268,267.6726349,267.5237665,268.5011904,267.7338951,267.6928257,267.031934,268.0354477
14,268.0894771,267.4381994,266.1659288,267.4802643,267.9898531,269.8045218,270.7216242,269.7644041,268.0803991,267.1869612,267.8844459,267.4768075,267.9075495,268.9202043,267.9247849,268.5528013,266.9971693,268.4558689,269.2073737,268.050506,268.1123208,269.327297,270.4889207,269.4470187,268.8029985,269.7788604,269.0758608,268.8340132,269.6804118,269.3980077,267.3480217,267.3799464,268.3870316,268.0345645,269.0503989,268.1650959,268.3123485,267.78452,268.6178044
16,269.1844777,268.759245,267.4059048,268.0514215,268.7390139,270.1365345,270.8784971,269.5944614,268.3142191,269.0987159,269.2546462,268.4847949,268.3862413,269.2577264,268.5797583,269.3615669,267.9166539,270.5363627,269.7341212,268.9439731,268.7315481,270.3505843,271.3158626,269.978094,269.7346243,270.5149988,270.1459849,269.9280005,270.5394427,271.404645,268.7553268,269.0623751,269.6682759,269.536646,270.6091056,270.0213371,269.7926376,269.3907871,269.695222
19,277.2016092,276.5065346,275.9407123,276.6673193,276.8290176,276.5993014,277.4856891,277.2159179,276.2654941,277.1205973,277.5706951,276.7311481,276.9371076,277.4356334,276.250786,277.0178394,276.7135839,278.1783805,277.43587,276.7276874,277.1339009,277.5524317,277.7995477,276.9285489,277.419735,278.2647703,277.5795239,277.0487467,277.7750218,278.2716464,277.250762,276.9244206,277.919274,277.4681592,277.7497814,278.0513997,277.6763115,277.0021528,277.0182999
18,268.5902189,268.0876669,266.773142,267.8106375,268.0841549,269.3888796,270.1972012,268.8156751,267.5658065,268.1938395,268.3607097,267.7505898,267.9751426,268.8751579,268.202274,268.7238825,267.5171299,269.0838021,269.5777787,268.4155847,268.3091839,269.8559254,270.7517853,269.1472733,268.935164,269.891525,269.2409993,269.0008783,269.4881454,269.8253766,267.9843169,268.20827,268.9502606,268.7296697,269.7722824,268.9410211,268.7913015,268.4448327,269.3208294
23,273.531456,272.3214609,272.3697254,273.0294508,273.1967266,272.9666849,273.8910671,273.4375177,272.6927434,273.3079911,273.8644907,273.2165928,273.2896028,273.556871,272.338253,273.1107351,273.0645227,274.7171667,274.2162434,273.1201788,273.7601914,273.8938418,274.1690201,273.1736705,273.5237863,274.4303426,274.2313648,273.6349279,274.3008701,274.49117,273.5251014,273.0711096,274.08702,273.4072108,273.9299331,274.4323874,274.2671537,273.6831196,273.4584476
17,273.5226284,273.2441862,272.5331473,272.9277006,273.6097446,273.5429707,274.561821,274.405678,273.0778715,273.864307,274.0979914,273.5076086,273.6881308,274.0308508,272.3476978,273.921959,272.9070023,275.0108635,273.6644101,273.0465228,273.2722332,274.4248611,274.9230015,274.0586694,274.1116374,274.9924429,274.2739248,273.7016811,274.7981469,275.4662763,274.1657444,273.3319642,274.6039657,274.1696463,274.7003816,274.8375826,274.4858119,273.7181602,273.5224531
34,272.4834933,271.7543083,270.8884419,271.7582563,270.9187312,272.0035933,272.9649985,271.6929795,270.9641875,272.0296393,271.7407617,271.3224296,271.8617989,272.0599738,271.1706629,271.588992,271.2438101,272.3808561,272.4180192,271.3388775,271.2480087,271.8079858,272.5014056,271.3181914,271.7076167,272.4574791,271.8800379,272.0379566,272.8491723,271.9380359,271.4388339,271.5436587,272.38318,271.7622367,272.2776142,272.835577,272.5487281,271.3956572,272.6969321
32,272.0699443,271.5435904,271.7333297,271.8574404,272.30931,271.6991368,272.6834467,272.2897944,272.1490629,272.3563383,273.0535702,272.1927132,272.2895309,272.842637,271.831175,272.3215881,272.737706,274.0193885,273.3387555,272.5290482,273.1576632,272.974416,272.9294261,272.3757991,272.7864185,273.7489379,273.8504489,272.9162572,273.8832819,273.5906185,272.8836939,272.1365106,273.312136,272.6809161,273.1401933,273.4141462,273.9574864,272.9629904,273.2067364
22,271.0266396,270.7915182,269.8816747,270.1644864,270.9205445,271.3842466,272.6493613,272.0287539,270.9469189,271.3547511,271.5427293,271.2153531,271.3041911,271.3986504,270.2131862,271.6518177,270.2801234,272.5309509,271.9258424,270.6853387,270.7564468,272.3273804,273.0316182,272.1483641,272.0208882,272.4793871,271.9867712,271.7141801,272.8692352,273.4059238,271.1333399,270.776397,271.9716249,271.3544283,272.4972,272.3321203,272.1966375,271.4906313,271.4186666
33,272.6125519,271.9836794,270.5935851,271.5863934,271.4086092,272.3067184,273.6876212,271.6759749,270.9236948,272.8015898,272.1962481,271.9762462,272.4207921,272.4010824,271.1048517,272.1779508,272.0533926,272.5306699,273.0722815,272.120299,271.9512933,272.9524377,273.7079228,272.9943499,272.879752,273.686574,272.7260253,272.9292137,274.3444072,274.0292375,271.9737839,271.9350394,272.621066,272.0065645,273.1223514,273.451768,273.3027416,272.3860039,273.4213553
25,272.2751796,271.3645859,270.9251756,271.3854444,271.7709027,271.6610276,272.5786856,271.9468551,271.1342261,271.9110895,272.3587176,271.8132327,272.0190029,272.3043172,271.2267417,271.9275141,271.4767332,273.545209,272.6912916,271.3357555,271.9283617,272.5102361,272.7056909,272.0408987,272.2148967,272.8818713,272.5419766,272.0784631,273.0518779,273.4713333,272.0143333,271.2935609,272.5581379,271.9359261,272.534187,272.7768284,272.5102923,272.2418499,272.008772
29,275.8048037,274.7895445,275.0650354,275.2663386,275.8609367,275.6426698,276.4473576,276.1816628,275.5326102,275.8995413,276.6930495,275.9576574,275.9296682,276.2730785,274.9757815,275.6898516,276.2216813,277.3845359,276.9627138,275.9872652,276.7608982,276.5964829,276.7857149,275.9222454,276.2984041,277.4138645,277.2163569,276.3717391,277.1256141,277.3725381,276.4251629,275.8479447,276.6113996,276.1725099,276.7679505,277.1722931,277.2635281,276.1603406,276.3984794
24,270.8173636,270.4081469,268.8792251,269.9821987,270.9466372,271.2901938,272.3711641,271.2592007,270.5325617,271.3984522,270.6051337,270.6287921,270.4744406,271.0637005,269.9244007,271.0983999,270.2155571,271.7945061,272.2984462,270.8517,270.7826771,272.2743779,273.0604583,272.3373262,272.1297504,272.492564,271.9667399,271.6421661,272.8228565,273.1385401,270.2208938,270.6833146,271.4657313,270.9250662,272.1940346,272.0520664,272.0944312,271.4152498,271.7643509
27,271.4840695,270.997988,269.136321,270.4323133,270.1157732,271.3106876,272.7451384,270.4350362,269.5049337,271.3526731,270.9610415,270.2213687,270.6141689,271.064922,269.8664304,270.8973245,270.8505247,270.9649728,272.2184932,270.889013,270.570713,272.0629496,272.8962319,272.1090225,271.2026279,272.1462864,271.3177648,271.5015329,272.6475648,272.2986901,270.5563017,271.1379929,271.3567778,271.1490665,272.150338,272.2374178,271.8131649,270.7435075,272.4057047
28,271.6653987,270.9984616,270.3726849,270.9476198,271.4675644,271.619445,272.7613439,272.2496927,271.3319609,271.9027738,271.7640497,271.6065022,271.9025358,271.8664024,270.6979678,271.8643007,271.1255106,273.1469477,272.657418,271.374252,271.7360508,272.8702169,273.2903336,272.7055928,272.7864412,273.106458,272.7438417,272.4281174,273.5836541,273.9394049,271.5444011,271.1965167,272.3984769,271.2944007,272.682223,272.795012,272.6394841,272.3179393,272.1588738
30,276.469333,276.001069,275.5583832,275.5410922,276.2007802,276.1678693,276.9619584,276.5894,275.9178025,276.4283024,277.1458898,276.5013904,276.4293111,276.8795793,275.8238635,276.2804827,276.6763312,278.0786114,277.2874466,276.3737403,277.0247505,277.2907375,277.4563566,276.9741312,277.1322335,277.9719418,277.4520143,277.0141794,277.7498017,278.2025304,276.9068266,276.2909005,277.5962556,276.9357558,277.5629556,277.7874355,277.5426469,276.7908563,276.9481336
31,269.3532934,269.0779147,269.1701912,269.304235,269.3430859,268.8382795,269.613227,269.2945058,269.4650478,269.6045531,270.1933014,269.4557789,269.5610604,270.1578625,269.3112325,269.5363072,270.0273813,271.319357,270.6115361,269.6643251,270.2032132,270.2090346,270.1310068,269.524271,270.1157523,270.7738364,271.0780669,270.263689,270.9478402,270.2919628,269.7782115,269.2681984,270.6458313,269.933352,270.361993,270.5976643,271.1996876,270.3357208,270.5194014
37,278.0513358,278.4090811,277.899764,277.0275734,277.8911526,278.075251,278.8672767,278.3432533,277.9820966,279.013592,279.2000048,278.4579279,278.2620344,278.8334919,277.8926277,277.8944134,279.089526,280.0486525,279.4199622,278.5728684,279.2033947,279.4153883,279.3245329,279.2624553,279.037778,280.0042255,279.7054908,278.9426037,279.8249319,279.8222683,278.7901202,278.1482886,279.8458644,279.207734,279.8730088,279.9031855,279.6974981,278.8030522,279.2121473
35,271.7275734,271.3479131,270.1614049,270.6581409,270.9552718,271.3248766,272.5289701,270.9779276,270.4381902,272.5345119,271.4544619,271.8220617,272.0881838,271.9447805,270.7030056,271.9623697,271.8186112,272.814106,273.0171317,271.5343101,271.8565444,272.9994227,273.2181741,272.9668912,273.0599473,273.7814781,273.0533575,272.803581,274.3091652,274.4811733,271.4887577,271.6239638,272.4993406,271.3986121,272.9073296,273.1380333,273.2984829,272.8149279,272.6017516
36,272.5240621,272.2535267,271.7963966,271.5666995,271.7932019,272.2470728,273.132836,272.1503566,271.6445963,273.1629198,272.8570927,273.0760545,273.3116933,272.9251157,271.6873269,272.6634929,272.9432816,274.5540079,274.112241,272.5347103,273.0172816,273.9671012,274.0818613,273.6578407,273.9156398,274.6297778,274.232701,273.7452055,274.9817594,275.319789,272.7345607,272.2853443,273.7373277,272.3924182,273.8970253,274.2448163,274.0896686,273.4423592,273.4079085
40,273.2682332,273.3855643,272.9099225,272.4887082,272.8155245,272.8892042,273.7161072,272.8567819,272.5829074,274.4991565,273.3794255,273.7209064,273.8227947,273.6812674,272.5361546,273.3111113,273.8854417,275.1066975,274.6719338,272.9692324,273.5925494,274.4049527,274.0698879,274.250528,274.305623,275.3603187,274.9244913,274.3766031,275.7716813,276.0421708,273.3985187,273.0767836,274.3267664,273.474114,274.844907,274.9987302,275.0557452,274.756043,274.3567752
39,273.6942747,273.9751924,273.4775126,272.7772927,273.1414383,273.4395381,274.1304316,273.231673,272.9850863,274.8365983,274.0947271,274.3707839,274.5268673,274.1301723,272.9044972,273.7743542,274.4422481,275.8249686,275.3724502,273.6644328,274.3197593,275.188279,274.8213699,274.9331572,275.1026504,276.1375728,275.7106158,275.1400333,276.4564978,276.7676838,273.9807077,273.5859156,274.9516128,273.9204728,275.3805663,275.7372717,275.5490152,274.9797718,274.8310535
44,281.2977599,282.0055509,281.2905213,280.6688208,281.0484681,281.2782088,282.2512837,281.3606433,281.7008974,282.2595294,282.3840631,281.3232756,281.1407829,281.9083657,281.4422705,281.1145389,282.2176952,282.9802917,282.6183207,281.9756421,282.0073966,282.1832514,281.8863953,282.1828656,282.2014852,282.9408203,282.2790806,282.0232481,282.7847844,282.1154069,281.706592,281.7330144,283.1005958,282.0903111,282.6486138,282.6506663,282.6622189,282.2330934,282.3574253
41,277.6039593,278.2739065,277.679267,277.1359642,277.7623726,277.7026347,278.6880792,277.8171659,278.0311524,278.7756498,278.867516,277.9488381,277.754467,278.545391,277.9838205,277.7707647,278.6956161,279.4581963,279.1340404,278.2579389,278.5458396,278.7072927,278.4894457,278.5310711,278.6012071,279.3361833,278.8632753,278.5452359,279.303623,278.6683648,278.3236029,278.000186,279.5559777,278.63503,279.2264765,279.2147187,279.1879484,278.7591358,278.8723866
38,277.8051124,277.9514084,277.445534,276.9946389,277.6874309,277.7700782,278.6957073,277.9339364,277.6793819,278.6610216,278.9331339,277.8621505,277.8360053,278.5448169,277.715502,277.7208199,278.6817991,279.3985896,278.9280382,278.2516027,278.7488545,278.7362355,278.5580065,278.5147567,278.7024016,279.572972,279.001001,278.3760064,279.3040107,278.8765938,278.5543438,277.9058432,279.2764012,278.6203706,279.2582936,279.2507747,279.2305058,278.5024162,278.8594422
43,275.174648,275.8038899,275.360537,274.5855585,275.3040579,275.2478999,275.6742519,275.4445153,275.3660844,276.7786279,276.063089,275.887773,275.7804715,275.6495389,274.7038247,275.0253981,276.1200507,277.1933207,276.8073169,275.0987761,275.7642888,276.4691711,275.933011,276.2211732,276.0657619,277.0671188,276.9467307,276.3113252,277.0418615,277.4764492,275.7605831,275.1436889,276.7808231,275.9225719,277.2112301,277.2096127,277.2684306,276.5567096,276.3761436
42,281.0600851,281.5163996,280.7577279,280.0848602,280.675079,280.9740628,281.85245,281.0049174,280.9813634,281.9092967,282.1297785,281.0564764,280.8294396,281.6437969,281.0969336,280.8595308,282.0256884,282.5833505,282.0865779,281.6927089,281.9782851,282.1016127,281.8398076,281.9892484,281.8352693,282.8296239,282.1539539,281.5263261,282.3612349,281.9085637,281.5742505,281.2788244,282.6599068,281.8229709,282.5025387,282.4554027,282.263346,281.7193872,282.0432915
45,278.447559,279.3214915,278.6797685,277.4033894,278.3927996,278.5283349,279.3171385,278.6326141,278.3893237,279.5022559,279.4004523,278.8650933,278.5433054,279.0705958,278.4206998,278.29793,279.6073212,280.3385226,279.7647583,278.8763662,279.4550199,279.8290286,279.4794577,279.5984963,279.2712026,280.3626708,280.0895311,279.3007456,279.9382162,279.7810975,278.9845489,278.4912954,280.3626741,279.6539593,280.2323673,280.4771288,280.1068075,279.5556514,279.7169271
46,281.454091,282.0473712,281.3537034,280.5143128,280.9648363,281.3594727,282.1465809,281.290884,281.3894736,282.1396019,282.3127596,281.3515585,281.0906249,281.8685777,281.4633497,281.0605617,282.2252217,282.8016684,282.374229,282.014407,282.1056071,282.4205105,281.9372368,282.2973793,282.1219746,283.1143982,282.4619635,282.043777,282.683622,282.0738997,281.70633,281.6047065,282.9111681,281.9455057,282.6797752,282.8146342,282.6426992,282.1390789,282.4101151
47,278.7184623,279.7255513,279.1451111,277.872769,278.7791403,278.8386028,279.6017765,279.1342232,278.7645643,280.077055,279.6587814,279.2358367,278.9945711,279.3306044,278.3718306,278.590053,279.9694324,280.8542351,280.2250795,278.8209687,279.6951806,280.2619686,279.9764063,279.9599164,279.5136402,280.560453,280.5816633,279.7486078,280.2448399,280.3240701,279.2176576,278.8907939,280.7781686,280.0974045,280.7525024,281.0227348,280.7796373,280.001706,280.1476525
48,279.2662662,279.9952928,279.2594505,278.2511796,278.9318186,279.1608373,279.9562141,279.2613894,279.0747219,280.0006028,280.0642541,279.3796139,279.1411587,279.752556,279.353785,278.9535649,280.1902278,280.8061315,280.3478328,279.9057279,280.1298389,280.4361381,279.9312272,280.1269776,279.9498246,280.9706568,280.5541192,279.9215312,280.4147328,280.1188279,279.5399873,279.2646221,280.8577999,280.0816737,280.5835911,280.7555498,280.6319291,280.2071981,280.3858244
49,280.9415645,281.5668128,280.7737772,280.1247917,280.4069497,280.7634213,281.7519009,280.7043496,280.750519,281.540783,281.7353425,280.7314588,280.5484001,281.2816608,280.9084912,280.4332107,281.7108983,282.3091192,282.0063584,281.465418,281.5077722,281.7395491,281.2769641,281.5960375,281.6521053,282.5392951,281.8605342,281.426565,281.9458224,281.5066281,281.1084343,281.035851,282.3806244,281.3524436,281.9310833,282.1534221,282.058363,281.6501908,281.8159472
55,280.4595472,280.9853333,280.6652796,279.6031976,280.3022005,280.534134,281.174852,280.5468892,280.3319713,281.3722773,281.290079,280.7679696,280.4415345,281.0916227,280.4711741,280.3888226,281.2663836,282.0159967,281.5535046,280.8590122,281.2179449,281.7791631,281.2083696,281.4680341,281.1932088,282.1240261,281.981701,281.2359319,281.5270505,281.4620942,280.802523,280.739515,282.3469069,281.6503546,282.0673536,282.2640228,282.058631,281.7203549,281.7154903
52,278.5856933,279.3245607,278.6123283,277.6420868,278.2842887,278.4140923,279.2255452,278.5354324,278.233766,279.3859585,279.325467,278.6737374,278.5249957,279.1344056,278.805257,278.2772708,279.6131189,280.1821186,279.7707212,279.1186407,279.348506,279.6104235,279.1377392,279.3893068,279.2139242,280.1957232,279.7876725,279.1501528,279.3030854,279.2859869,278.7179152,278.4985406,280.1694295,279.288631,279.6916045,279.8208057,279.8671919,279.4178731,279.6649064
51,281.3395607,282.0521898,281.5322906,280.2808643,281.0168749,281.4039794,282.0009505,281.4190305,281.1453021,282.2131053,282.1918882,281.6192817,281.3232904,281.9176621,281.1721263,281.2898056,282.3376041,282.9728608,282.4774585,282.008854,282.3764315,282.8922902,282.1935854,282.4351855,282.1977499,283.1882669,282.9762308,282.3252052,282.5313633,282.3236261,281.6569694,281.6175284,283.2211291,282.6555196,282.9667119,283.2346669,283.0615478,282.7119405,282.6864397
54,279.8845425,280.6285452,280.1015911,278.9401686,279.7216765,279.9276279,280.5435951,280.0335319,279.7134413,280.7568112,280.6605407,280.2421213,279.8733783,280.414079,279.9079726,279.8421675,280.9549271,281.5382628,281.118504,280.4617486,280.9233837,281.3782852,280.7214616,280.9734583,280.6808701,281.7424346,281.5337357,280.8239456,281.222656,281.0107893,280.1831501,280.0566943,281.7722408,281.1025714,281.416846,281.6684606,281.5690238,281.1073343,281.13906
50,281.0450206,281.7657083,281.0905689,280.4400185,280.738631,281.002553,282.1571199,281.0392074,281.4258052,282.1013788,282.0669407,281.0500924,280.9846569,281.7366028,281.0917922,280.8357767,282.0905951,282.6291412,282.3946855,281.5645561,281.6808598,281.8198668,281.5816649,281.7606818,281.8504395,282.7319421,281.9988578,281.4905366,282.2509211,281.6638933,281.3415335,281.2498742,282.6455607,281.9680012,282.1706321,282.2180085,282.4062592,281.9957037,282.1185379
57,280.1755927,280.7915417,280.1415513,279.3271576,279.7460435,279.9813946,280.8928321,280.0547555,279.7976392,280.8269063,280.8865045,280.14806,279.9377543,280.5967624,280.4748279,279.838259,281.2297332,281.7243746,281.4167435,280.908038,281.1120999,281.3716806,280.7445433,281.1226103,280.9543697,281.8673682,281.4794544,280.8719529,281.2836935,281.0058625,280.3834828,280.2880912,281.7879529,280.9262175,281.2511279,281.5829471,281.5350853,281.0500958,281.2312739
64,282.4282838,282.7510498,282.6158247,281.4700227,282.2724236,282.5362723,282.9643656,282.3451619,282.0965603,283.0348744,283.1358026,282.7468299,282.2317339,283.1274817,283.0270523,282.5767221,283.4070598,283.9151941,283.64102,282.9904038,283.3203497,283.7997092,283.0568698,283.6843236,283.4255018,284.2773743,284.0205616,283.3308666,283.6208586,283.425685,282.9683509,283.0419788,284.5078848,283.7541652,284.0832224,284.4040621,284.1329433,283.671339,283.6810266
53,282.6868376,283.3172983,282.5783114,281.9515266,282.1440223,282.4893925,283.7057789,282.5955693,282.7501733,283.3361717,283.5059504,282.4351894,282.3198411,283.0742619,282.6147162,282.2393481,283.5895766,284.0721908,283.9001683,283.3170904,283.3071406,283.5294127,283.0619552,283.4231122,283.5152752,284.4159678,283.6641227,283.1717313,283.818371,283.3486279,282.9848097,282.9356989,284.2357172,283.357353,283.7701027,283.9662686,283.9052577,283.589341,283.5838797
58,282.2532167,282.9962119,282.35203,281.2869634,281.6633899,282.0540722,283.2608492,282.2144543,282.8936718,283.1935193,282.8970404,282.3133819,282.0184977,282.9200894,282.0259859,281.7968903,282.9713094,283.9360519,283.6632798,282.5730276,282.9886536,283.2274393,282.6822476,282.8666366,282.8107577,283.7965279,283.3327826,282.5650792,283.1822207,282.8652583,282.642895,282.1409933,283.5589783,283.3970119,283.2104687,283.2822223,283.7177947,283.2022438,283.5230282
61,280.0157883,280.5621469,279.8992221,279.1790603,279.5427947,279.6971222,280.8460013,279.759021,279.3628763,280.4653736,280.5886392,279.8782701,279.696672,280.3886295,280.3102015,279.6199592,280.9210797,281.4355901,281.188866,280.7052658,280.8515688,281.0505482,280.4126591,280.8015821,280.675377,281.5957134,281.1446183,280.5237288,280.9496766,280.6351649,280.1431544,280.0252921,281.4907364,280.6104682,280.9387023,281.2445381,281.2231686,280.8117341,280.9153354
56,282.446912,283.0960481,282.4593319,281.7593573,282.0582317,282.2230617,283.4900056,282.4217401,282.855091,283.4062466,283.3303931,282.3454788,282.2568546,283.0862131,282.4771693,282.2408137,283.4584129,283.9773775,283.9064239,283.0730388,283.2307912,283.2077069,282.9738101,283.2247532,283.2853628,284.1761055,283.5193367,282.7915288,283.5568673,283.1359954,282.8010497,282.6441935,284.1154796,283.6067549,283.5618192,283.5043781,283.9421767,283.4896816,283.6111527
60,281.6036495,282.361551,281.7044832,280.6075093,280.9889054,281.3674921,282.5120736,281.5196715,282.1130675,282.493544,282.1592854,281.7303662,281.3583269,282.1835674,281.3492823,281.1931267,282.3393044,283.2607874,282.9464239,281.9291628,282.2539869,282.6605643,281.9513762,282.1284169,282.0776576,283.0160421,282.8000179,281.973766,282.5651809,282.1982737,281.9428732,281.4438549,282.944691,282.7908621,282.5688891,282.65123,283.1316867,282.5514667,282.8777717
75,282.832057,283.0593617,282.606726,281.9748739,282.6742211,283.1174852,283.558158,282.6937691,282.4248152,283.3948638,283.3764962,282.9140074,282.468949,283.4732539,283.8717253,282.9169538,284.0252229,284.2372179,284.0283278,283.6434619,283.9248827,284.2942599,283.380743,284.0285722,283.8451317,284.6279274,284.2225436,283.4618902,284.0482607,283.6666699,283.2411594,283.1544318,284.8155258,284.0332698,284.2721212,284.651095,284.3376015,284.0248864,283.9953947
122,274.2757993,275.509945,275.352541,274.267828,274.1669038,274.8275899,276.0962873,275.322599,276.3340665,275.7451537,275.4109891,274.8324677,274.9516373,276.4878619,275.7734988,275.2574491,276.4198475,277.0073133,277.1316655,275.7320775,276.1485671,276.4591025,274.9859439,276.0053985,275.7128313,277.0287983,277.4714835,276.0949753,276.8737611,276.0660002,276.0813694,274.779573,276.4492068,277.138373,276.5553674,276.2925611,277.2571819,276.7733351,277.0536898
129,277.8428017,278.5956156,278.617133,277.5342565,277.9647837,278.4119663,279.3896089,278.4685548,279.3051894,279.0179634,278.3533274,278.2010757,278.1943553,279.5561052,278.4698164,278.4782015,279.4981847,280.0443687,280.3983818,278.7220796,279.4805045,279.7318414,278.3217313,279.2971824,279.1988524,280.5719975,280.6097786,279.2978117,279.8754119,279.5525503,279.3795558,278.4835959,279.9429116,280.3628616,280.1149604,279.9105404,280.5775819,280.0321651,280.3130859
142,283.8238223,283.971958,284.0731231,283.157934,283.4256532,284.0476986,284.1565623,283.9373018,283.5642827,283.7509801,283.7345293,283.9291204,283.5490282,284.492217,284.4298191,283.6748586,284.7246489,284.9559461,284.9582146,283.9944265,284.2051981,284.7672988,283.8143418,284.6711088,284.3743801,285.2192597,285.2981855,284.4988225,284.7613993,284.5179208,284.1399538,284.2306059,285.4103674,284.7550178,284.9138174,285.1906493,285.4374259,285.1846674,285.5495997
133,275.3124875,276.364006,276.4587106,275.2291788,275.4229078,276.1162648,277.0402603,276.2738472,277.2594075,276.7741443,276.0900945,275.8310646,275.988825,277.4818881,276.5270246,276.2922556,277.403732,277.8881823,278.2418777,276.3839155,276.9642297,277.3697365,275.9953157,276.9904817,276.7540724,278.202761,278.5271921,277.1114173,277.604256,277.1287187,277.0556248,276.0052641,277.449556,278.1528471,277.6047139,277.2623097,278.3264991,277.781305,278.1846331
134,277.2022776,277.8710102,277.8071375,276.8207117,277.2371408,277.3564042,278.4933323,277.5303992,278.1610969,278.1355894,277.5952246,277.3216536,277.3218858,278.5879372,277.5396864,277.6355695,278.4214789,279.1564657,279.3435712,277.9080335,278.4393475,278.6927071,277.2916393,278.4151082,278.0584226,279.4902877,279.3231545,278.2064215,278.5358173,278.4184094,277.9813999,277.4135434,278.9503084,279.1521476,278.8385875,278.740339,279.3422259,278.9151178,279.3332152
138,282.387902,282.5881388,282.5281037,281.6905595,281.9423188,282.4244628,282.7013428,282.2722326,282.0594331,282.4070257,282.4697908,282.4251537,282.1438954,283.0475485,282.9359089,282.2290673,283.3205932,283.6092171,283.5379142,282.4767316,282.66074,283.1928285,282.3402127,283.0228579,282.928377,283.6968246,283.7369261,282.8311553,283.3511691,283.093222,282.5966702,282.5872708,283.8742262,283.1813007,283.4520198,283.6148966,283.8376784,283.6165282,284.0290837
144,286.8083255,286.9537817,287.0186396,286.1656444,286.491768,287.2564862,287.0901892,287.0967289,286.3987898,286.7900382,286.6609273,286.9515898,286.5420852,287.6526623,287.6762701,286.5778003,287.8580209,287.885972,288.0357152,287.2182432,287.3300195,287.87205,286.6541521,287.6772258,287.2345152,288.1815198,288.1930779,287.6269655,287.5812051,287.5039719,287.2526503,287.4541978,288.5803628,287.8556349,287.7930755,288.3404496,288.561534,287.9684853,288.5186934
136,280.867492,281.2111199,280.9078064,280.1677258,280.372034,280.6710558,281.2814026,280.6085503,280.7732572,281.1305638,281.142605,280.8922544,280.7273873,281.5766428,281.3020545,280.6922735,281.8455609,282.2642456,282.1638263,281.1019622,281.2242954,281.558017,280.9370783,281.3722366,281.4705444,282.1975066,282.0020145,281.1395667,281.7346175,281.5795705,281.023427,280.8328153,282.189574,281.6347648,282.0580298,281.9765209,282.2154766,282.0170166,282.4693731
139,282.7023364,283.2435524,282.7848637,282.1227258,282.2875561,282.4780795,283.156393,282.6387537,282.9267114,283.0460823,283.0240792,282.7830338,282.612822,283.5889641,283.1218203,282.4813451,283.7395101,284.312442,284.3498448,283.4058643,283.5171,283.569991,282.9054262,283.4815432,283.6562053,284.4198204,284.0459467,283.3159207,283.7288627,283.7792079,283.1755247,282.8471381,284.1199301,283.7982717,284.2398419,284.0046015,284.2840397,284.1986356,284.5646971
146,282.3381588,282.5586598,282.6396916,281.6491088,281.7893329,282.3472972,282.5581534,282.4158354,281.9750184,281.9843622,282.2575164,282.4468069,282.084279,283.0325968,282.8436932,282.1691467,283.1768063,283.5669897,283.5274727,282.4758694,282.6696624,283.1193139,282.3366917,283.1068203,282.9333372,283.7541971,283.7465822,282.9467508,283.2456,283.0730229,282.580044,282.5977869,283.7471861,283.3243473,283.501402,283.6162335,283.8318513,283.6751729,284.0900188
145,286.2890364,286.3881423,286.5159879,285.6072703,286.0354179,286.8169225,286.6795761,286.6691041,285.7540992,286.4201211,286.2129051,286.5483391,286.0672109,287.2708991,287.2747987,286.0631566,287.343941,287.3647263,287.481743,286.7582123,286.6571245,287.3561628,286.1492294,287.1565259,286.7215761,287.6803882,287.7497236,287.0670432,287.0713942,287.0198809,286.7392553,286.9877309,288.0982852,287.3631647,287.2245011,287.8258239,287.9161242,287.3520593,287.9883582
149,280.758849,281.1554689,281.0029317,280.0241393,280.1552282,280.6492513,281.0940313,280.7052961,280.6934925,280.8078736,280.7005634,280.885114,280.569772,281.4927714,281.1100237,280.6487599,281.5960394,282.1179321,282.0514557,280.957132,281.0503741,281.3352472,280.7075128,281.3304988,281.2533442,282.1266481,281.9540114,281.1983329,281.5063812,281.3568008,280.7949453,280.7238932,281.9876457,281.6980479,281.8309436,281.9119067,282.1341744,281.8607745,282.3491164
152,287.329292,287.4396566,287.5826103,286.5631095,286.7151969,287.561793,287.5484836,287.4457002,287.1897269,287.2483331,287.0479557,287.2537562,286.9220234,287.9985766,287.748023,286.9919321,288.0943004,288.2532196,288.4942256,287.5791015,287.6191975,288.2025149,286.9963575,287.947185,287.521032,288.5860425,288.5081375,288.0374397,287.9114125,287.8127192,287.4858847,287.8238987,288.7591391,288.4045255,288.2606571,288.6584161,288.9688595,288.6400619,289.1122819
153,283.1830804,283.6037797,283.4068895,282.2537611,282.4131302,282.9152834,283.225949,283.0335703,283.0116684,282.8770599,282.6477856,283.1348508,282.8756265,283.815511,283.5256014,282.9014011,283.682211,284.2081249,284.3614517,283.1142128,283.2746276,283.3255782,282.728001,283.5589614,283.3744222,284.1349583,284.1098968,283.4597952,283.5990252,283.3412977,283.0503738,282.8251093,283.7366879,284.06847,283.9084894,283.9606185,284.2785567,283.9511896,284.4133539
151,281.895043,282.0716957,282.269717,281.2611469,281.4667542,281.968088,282.2209684,282.0586109,281.4549204,281.8551379,281.8759334,282.0920985,281.598184,282.6099709,282.339933,281.7089041,282.6690309,283.0064365,282.9889887,281.9071792,281.9196982,282.5627197,281.7833168,282.6613474,282.3962158,283.2685721,283.2380928,282.4171888,282.626646,282.4605235,281.9371319,282.1664561,283.3128046,282.7904617,282.846089,283.0900636,283.272003,283.0944673,283.4593918
