GA_ID,1982,1983,1984,1985,1986,1987,1988,1989,1990,1991,1992,1993,1994,1995,1996,1997,1998,1999,2000,2001,2002,2003,2004,2005,2006,2007,2008,2009,2010,2011,2012,2013,2014,2015,2016,2017,2018,2019
73,121.3292289,134.5232462,184.3459977,137.5297729,135.6235212,119.9212615,168.4396885,139.489755,144.0633683,128.3102959,124.0374368,154.2327313,181.7293059,170.5176944,192.1452091,173.4866154,185.8351912,148.2045646,160.7301697,143.1522207,221.1728009,144.7904561,143.9676918,126.3981774,161.349031,136.6464844,162.2875797,154.2123758,132.6595718,114.5591792,174.3458703,120.2908835,111.5995544,103.5821874,140.1559944,97.94231455,211.2285106,196.7513631
79,1554.547127,1651.493259,1809.76843,1560.029742,1583.563813,1474.642324,1437.522599,1631.658653,1776.244475,1609.082514,1363.972017,1822.8964,1816.667962,1585.732228,1673.902052,1849.560538,1649.106656,1335.116957,1512.716101,1824.837487,1717.027661,1557.820432,1833.080323,1835.258718,1706.01221,1692.88348,1796.132386,1605.536471,1478.928436,1821.152814,1668.06651,1746.405248,1694.686259,1787.854022,1774.687735,1777.350239,1745.200787,2388.064287
80,307.6725976,371.6087213,455.9553156,437.3555977,368.9687256,309.4144454,351.4191823,403.0221383,432.9729072,424.2247306,328.487815,472.8828766,449.6653459,311.8808087,393.9661273,423.8611542,516.9159663,416.0533625,346.7535776,389.6266009,527.2440788,478.6533478,461.6060977,431.7372385,509.714972,463.9052278,571.4814295,494.6279444,481.4222467,467.3798347,603.7933396,572.2984685,597.320028,571.9220092,511.3845734,511.2296304,658.5060413,754.1034271
71,211.8471146,191.7663581,252.4833254,292.4199195,213.3583959,217.5855883,214.786925,243.9655027,273.4742816,276.4609979,245.8067297,290.6314013,334.9212261,317.4243343,286.0681237,278.974945,319.5217292,319.4857589,308.6860597,310.7391981,390.004692,357.0566704,382.2915034,339.7891915,336.86008,339.0826519,357.7173161,385.6959954,359.2231501,322.8533916,351.5591276,338.521965,356.7869152,353.8133577,335.9915231,379.1778755,369.7360546,404.9084845
81,124.7324405,93.18906305,149.649954,161.5861181,167.5196241,134.5350176,151.5957517,152.8341518,168.5418843,153.2267529,123.2173182,162.0513588,197.7729225,195.2794638,188.0715499,177.1102986,188.6026573,170.1790892,172.4689316,156.0095582,206.8057739,170.403504,164.9233634,152.050401,176.9964932,154.6980841,182.2667606,210.8644949,162.290266,190.1469189,208.2784366,187.5669576,157.7990034,177.9329443,187.674876,169.9901023,232.802439,268.4077262
78,504.6055352,607.9839948,647.7123723,625.1667435,597.5343447,647.6573778,482.03347,729.3565109,875.3143838,841.708644,546.5792268,863.455185,788.333233,587.2263822,603.9214153,796.2685216,744.3197062,664.4730514,664.1800807,767.8438039,786.5492708,714.8924617,801.8836258,729.6018302,819.4792652,843.1125382,867.3190584,828.4483376,737.0586249,819.9121616,893.924634,847.7600181,818.4658741,894.7436057,780.5020317,880.4708435,888.5050513,999.2215525
88,554.3917037,578.0974694,791.1359814,772.0531124,703.4941979,659.4938194,623.900022,794.2828302,829.0295999,789.0861516,550.2714464,711.234449,952.2706818,642.765759,654.875678,922.6488282,878.8568119,692.9339575,629.9728779,800.9148639,953.1879473,898.0258309,889.5975599,803.1925169,915.487554,930.2362422,1008.569928,910.2101906,762.2548655,819.1710134,956.6028966,960.6340308,920.7044715,1003.707316,888.0297251,855.6217552,1025.235061,1251.607706
77,127.4054666,121.8964485,139.4972301,145.8961328,128.1377079,123.1023733,159.3791274,134.465587,134.7265584,131.2155646,126.6711001,139.0820054,149.3053154,131.5998515,132.5705764,132.4191048,134.819905,132.5660645,133.5600357,130.2675923,139.1860185,132.9475788,140.3539979,132.1903423,130.1243183,132.8153324,138.8665124,146.2587911,135.5799013,134.9912912,144.6803926,136.1519666,138.5506753,136.5846155,136.6908627,140.1416317,159.5255001,161.508571
85,124.5771705,116.3074845,169.7523423,153.2469078,125.9560681,129.076944,149.1984069,126.8523576,153.9447142,129.5306438,138.8089877,164.7243663,192.5103435,159.569599,154.8353455,152.3709582,150.6467341,139.3669352,162.4556078,115.5660104,161.8941735,141.8812105,141.2764893,126.2484853,130.8312287,142.8665316,169.5698393,166.9788411,138.7118069,132.8888493,172.0739043,116.0896406,116.098073,107.5113234,121.7277982,132.2057442,187.7455722,181.3640439
72,128.7472405,136.4299403,157.1952994,159.7836151,130.245916,129.2141545,143.1786813,120.4147644,146.6894858,141.157986,133.6149101,153.1261233,178.0242644,140.7804784,138.567441,143.2555743,145.8915286,134.0001089,148.3897183,115.9833274,137.6849059,125.6746217,131.4606629,131.3760383,132.7303985,139.4998637,160.2817344,146.5661179,133.4909254,128.6305359,151.1534493,125.9544431,125.097232,123.5071134,133.0020417,137.6749256,164.0715147,161.7654958
82,119.7636159,112.0381432,155.3120247,148.8893737,126.9373566,109.431738,154.7664817,127.6124066,136.2566847,127.0070302,119.8448743,148.6073543,176.8141215,149.7040144,147.1156856,156.3998852,145.4082993,135.5493983,156.2518404,127.178361,160.4280959,133.7830796,144.00423,133.4320702,135.1686268,140.8417624,146.9703545,157.562949,123.7542264,118.286883,160.1123321,125.5934293,127.594076,117.1777848,128.1491583,114.2485785,181.7721635,174.4852012
87,120.1717144,90.02657409,128.0832461,135.7082474,144.5949694,120.9634916,137.5349418,146.1135517,147.612858,138.3255327,106.5547865,143.0130458,164.4283562,157.9212636,157.7585852,157.7391809,151.0057717,139.8848552,146.5321377,120.4958145,153.0894675,142.0399483,138.5132824,133.4893494,140.2223043,122.9462295,148.717094,165.326017,127.2195428,149.7869283,160.1347405,132.7535501,128.5966747,127.9050641,132.1700665,122.4289808,180.4095663,202.5755309
89,187.8795073,178.8487313,256.0177539,255.1803299,205.225603,173.0222723,210.1998134,209.9698727,230.7991742,221.810056,197.9926715,234.5986189,270.1907551,266.590043,253.7328675,234.123361,257.3329457,240.0313601,237.0014632,238.8513506,305.4402216,283.3019219,284.6047831,240.5023122,248.675674,266.0581524,270.4865907,321.0974016,275.8086656,248.5136757,299.9879308,257.8343511,278.1789465,272.5900526,270.7828423,295.5717623,328.0201417,352.2409136
90,119.1776692,91.69723923,115.6862214,138.8347269,139.5712394,117.6207803,130.1814778,142.3973041,139.3694153,130.7262829,104.8967427,136.7987489,160.4707758,145.6039803,146.6837929,152.2662533,143.8899046,144.5950989,140.5468544,122.0631124,145.1157775,140.1559312,143.6490638,136.5572649,144.6363799,125.8855882,146.1711448,164.8467431,133.6542179,144.6790759,159.9610543,135.0240744,134.1223146,134.9442748,125.5634982,125.7677186,179.5117157,199.623734
84,122.6335101,118.9919128,166.315329,155.6420349,139.1834992,123.9085082,157.2806059,145.1588287,148.9161987,140.9375376,123.186498,163.6050151,188.1450711,168.3784266,170.5402912,179.7738446,170.8208875,154.8982963,166.4701167,139.24588,176.8309847,148.5621016,154.1949891,146.0278854,158.5443496,139.2826617,160.6643336,179.8219633,136.2215048,120.9465748,169.3432152,137.9956623,129.9634849,115.9523685,141.1643496,115.149705,205.9341334,202.3041265
93,583.0982521,628.443266,705.5485261,646.623926,667.4741014,722.7265273,605.0676603,684.5447882,845.1707276,790.7070814,549.7160213,850.155575,791.3839632,655.1385467,698.8719579,810.5132085,732.5453409,729.2353386,704.9447992,760.6248079,769.7612246,759.084179,780.7666626,719.0072004,803.4666363,796.0856112,878.6830154,846.3286646,682.9172705,735.9317509,840.9150871,737.7185286,746.1074913,869.4845309,770.6968151,791.0690475,780.5054683,934.5093255
83,190.1275497,210.0774801,294.1995843,273.6834128,232.1399143,211.712701,231.7558502,259.4891126,250.7475059,217.7837788,222.5686383,255.6760016,309.6200257,232.0528078,250.3575974,226.5199235,320.8306943,250.7453571,239.0586126,281.7748178,330.1366675,316.7317153,272.2514306,298.127084,325.9447214,282.7714783,337.1320371,374.7881676,294.8087237,285.1692985,361.7423122,383.264586,360.702457,325.1223806,353.7017235,361.366282,469.541733,522.5223796
97,164.6494161,176.0900969,232.0608898,234.1123201,177.8616664,157.9637841,205.7180072,184.3462026,214.8934244,183.665077,175.5883389,193.761124,240.6872804,225.736971,201.8267056,222.6330446,217.854887,201.5485333,228.7833975,167.2918162,243.7024321,219.5367994,212.3309576,165.6625917,181.0143857,183.0824092,236.2822481,218.3569514,168.2860572,207.5397475,232.9258872,164.771666,159.00373,145.9238053,199.1137511,182.195707,268.2247408,281.960176
95,508.6645445,537.7845758,813.6441794,640.1072944,547.9352181,548.3064288,461.5552942,798.9768012,829.9601065,800.8987209,611.7310395,724.6465178,1201.075059,554.4159641,612.7145008,794.2657773,797.7544227,618.7016981,574.9733791,779.6937273,943.4831089,851.9985185,876.6645115,826.1888665,861.5479042,888.101842,999.0837865,888.9165818,796.1594802,835.452342,1008.980449,942.7087376,876.9097222,1014.19466,820.5525023,881.5309735,1074.385057,1297.12234
94,582.8889769,615.3387046,878.9870791,697.9365104,669.5006795,604.6763258,536.8189129,826.5569751,813.4541811,753.9517019,594.7531904,740.1209101,1190.853958,605.6526067,574.8977268,704.2188954,787.7604368,640.5176628,572.4794382,660.2362807,836.9325305,832.2923662,769.5260399,727.9307834,852.5786629,799.2964759,866.1780867,864.2319205,786.3172876,749.1121075,925.9489775,908.6502177,907.8384853,892.4931173,780.0250656,796.0246445,1090.984669,1230.823158
92,112.0474604,76.2363056,129.3667771,165.831034,152.4516303,119.9651822,142.7928641,153.298555,158.0767803,145.3207205,108.1266744,163.5797233,190.1236261,175.3923447,173.0077414,165.3800067,169.8667197,150.500678,163.6917836,147.3651187,190.1725854,174.6810863,172.4324167,165.0897272,161.8848599,152.0556892,189.4617604,209.1428138,170.0467933,196.8629994,211.5588672,192.3372449,168.989326,187.4083555,182.9991406,176.5561577,242.6985745,291.7705465
98,127.9626105,119.1690806,140.6071818,189.7697795,148.565297,119.3497264,162.8427525,155.621817,164.911701,151.7036806,134.211072,186.4316251,222.8727806,174.9123163,183.2231792,186.8372272,205.5292638,201.6920662,193.0741652,163.8510081,219.5263897,220.2029623,210.1370869,202.4825089,206.2814529,196.9127113,209.9549401,233.744853,163.5533439,136.09571,215.5192075,210.3211582,200.0299707,170.6667564,191.867749,182.7764188,274.8835592,302.3657839
99,185.2733145,199.0421596,228.0308777,241.4571009,216.8971157,198.9140861,246.9574565,218.3208496,258.6434468,215.7653826,215.0850126,239.8500424,301.711402,214.9581922,344.5089314,174.9361979,333.0900265,213.1857667,223.8432751,243.4036011,321.0417759,274.2017845,279.8612103,296.5404691,322.9505618,272.3162574,354.8843534,365.4868749,329.9656258,318.4210237,388.3844694,417.238443,424.001764,351.9107159,372.0239029,403.1022133,521.472408,513.3232096
101,336.8866946,383.6578802,567.1396456,507.3491823,399.3944757,368.3739228,337.0965772,505.912433,531.7273028,527.4696304,355.9276761,545.5011511,705.9974106,330.0779998,407.8309187,528.683393,550.5026602,502.8179723,419.6552067,529.5484811,665.0380597,626.6239194,639.3758905,568.7965139,717.0982129,718.3529463,810.7742372,716.6646466,690.5460561,680.9673201,826.883623,760.1264814,793.5561491,853.3658512,660.08058,658.7392664,868.8961679,907.233079
100,211.2398423,230.1664672,304.8048954,310.9468684,245.9491587,196.9005629,287.8250776,243.0805179,282.7434482,251.8762775,222.31764,252.924841,335.603385,271.4313548,244.3422946,290.5158988,297.0482246,233.9749939,251.5921433,197.9355001,299.638825,275.3951012,274.3553676,220.2127338,230.1567682,230.8480942,247.8907669,292.8459987,243.0930848,225.2455391,289.6224505,261.836558,255.8047656,207.4232188,256.7866419,255.4593697,293.8722283,335.3352802
91,273.1331298,304.0014036,388.2312117,350.6136908,312.9220554,264.8218555,305.5649154,347.967725,356.5673552,297.8343702,279.4557837,342.5454314,366.0602348,290.9409807,357.202495,264.7336813,434.6399254,298.9537007,312.9091022,349.6097931,413.8219238,390.0065004,357.265979,387.8546853,444.0822846,373.5207937,461.6002269,477.1222257,413.196426,398.6648629,486.8350241,536.9726939,542.353251,495.2669869,468.6749653,501.8744606,640.2079244,697.567469
107,257.2038604,294.3069744,351.7117766,289.1273303,314.9768483,262.1808952,318.176102,287.0508997,375.2405826,304.7390322,250.8866136,353.1495824,420.8779207,250.9297563,387.7319615,236.522734,399.4029275,256.9922402,271.1602583,304.2902987,413.7406546,362.2626581,401.0716771,371.625771,431.2389351,381.7031076,465.3518267,462.440878,455.3124198,411.4889973,508.9256805,505.3469184,590.0319791,493.5385491,483.679912,510.3882734,644.3517227,599.0781153
106,645.5897268,681.8138611,1027.391279,801.6667966,756.7048083,711.6631127,590.5588926,911.5478455,987.3539911,833.1632369,587.9630945,911.5282765,1133.995464,605.3731393,631.7580849,907.588268,917.558762,795.3262258,609.035348,848.7622364,971.2616421,964.1061077,1020.191673,904.457652,1057.328792,997.2718863,1139.710195,1089.476126,912.2578358,918.6970482,1076.95291,1092.373898,1063.97362,1151.491882,1017.146212,983.1156395,1242.619985,1408.350778
104,128.9644698,118.9725274,170.8425857,184.48865,155.3053947,119.3093527,174.0506426,152.4279175,164.0015043,150.8130072,132.0495897,168.1404394,219.011908,192.3591238,180.9622329,195.8641067,214.5613726,198.4374175,184.8801581,187.3465436,238.4065094,222.9795777,230.5056458,202.1338926,201.3251121,209.5670345,200.5373894,256.3030573,191.5361509,166.6911574,238.0812398,229.1392144,227.5541983,193.6697016,217.0986179,209.5630022,276.8119836,305.4003675
102,122.4891559,99.66890765,124.2410392,159.1093151,148.8658033,123.3721369,149.3586806,163.3524317,167.793236,151.950747,116.0055209,173.7915623,203.038244,173.0829334,178.3536321,181.1545865,198.839522,184.8211453,167.7950349,151.339281,210.499334,199.415107,193.4296156,187.7590274,184.6281024,179.1313971,210.2932154,225.5900915,179.4441203,173.2366618,206.7705907,209.3857868,203.1346164,200.2833763,187.4241003,189.6978686,265.0573798,300.4688586
96,2069.754792,2185.533406,2404.26003,2211.198274,2246.583792,2129.564979,2115.388655,1918.213792,2376.986152,2332.279162,2180.595261,2508.412612,2223.064081,2095.951707,2075.14312,2296.866057,2232.712596,2233.962831,2080.190842,2230.444206,2153.160328,2124.943739,2217.761605,2255.960867,2166.869964,2245.076811,2312.459844,2198.155697,1845.809787,2034.552406,2222.656639,2160.687115,2063.160518,2230.751661,2326.348989,2322.987226,2317.840631,2563.8702
105,381.4305215,387.6800282,435.6469599,422.8066316,421.3942792,403.956155,342.4810929,495.0792922,537.9907443,485.8602294,328.3491639,499.5477317,491.2584495,421.5143446,418.4432622,564.1496201,499.0160563,504.1929612,423.3350622,440.5194543,506.4973895,518.6902232,577.9188009,477.8763447,589.2046065,632.0357774,661.8916067,589.1822933,567.6642152,528.5926286,679.7933772,624.3920404,677.3652842,695.7837796,572.6693815,584.2883762,675.4933415,571.0201427
109,152.9659442,164.5046628,193.0285595,194.5015759,174.7289751,180.0520691,223.3848983,173.3190726,187.8709299,196.8313898,184.6524479,222.2379497,272.4006946,259.2919537,266.4741977,216.8548134,279.4637197,218.8271714,208.3017799,173.9973867,264.8667444,243.7123351,239.0467361,247.7376707,212.8229996,241.4927926,274.0280851,270.2784754,231.5110322,191.4680578,251.1354018,293.0051202,290.3693639,243.7415578,302.3187728,301.4862146,359.2579365,388.4569952
103,109.5206607,97.48525753,125.2285769,187.5547988,149.8514698,135.885253,157.8541491,146.6599985,156.1255271,145.1855515,124.7697567,169.6880663,208.5696701,157.7508806,185.7808932,158.8619059,201.1928118,158.8567189,167.1984151,153.5051759,222.551547,197.2113306,191.2804115,193.3022901,177.3720367,181.0427809,224.7661828,231.1302674,204.8292792,209.9211098,233.4924364,248.9126731,225.5439223,234.1344807,238.329187,248.1766532,308.0690966,354.129639
113,131.3333676,140.6848833,179.7100344,177.8482088,141.5937786,136.2387676,189.8349433,151.4329966,171.830051,171.744368,152.5340314,186.8569535,229.2472378,208.8376713,209.3159602,207.8943166,248.3358892,215.8641315,187.1314945,163.9262441,246.0385733,230.547403,219.3293894,232.4386114,217.7335738,207.6489095,246.0498602,243.7080351,190.9519738,163.5595708,242.4180995,278.5934665,258.0313081,210.5020196,262.1580597,258.9116758,326.2785081,351.6982177
119,373.8734375,368.4693993,493.0870553,395.0893067,464.7603565,416.8663817,318.2940353,445.9826107,518.2144199,469.733114,341.9565671,500.4796106,507.1085372,411.7842619,408.2946791,486.5898062,500.8743551,459.1219589,414.2028824,404.5993279,471.9600284,471.6322054,508.7070255,388.3698346,523.0426775,485.3184639,532.6666003,538.8860432,533.4590981,467.2214937,642.9240557,643.0794663,650.4676278,652.7701827,538.8355778,559.7973052,597.7485865,517.0347852
120,756.4899157,832.8946637,1083.42402,936.4306564,894.6771848,876.2376835,880.0636666,1037.680031,1196.576213,1091.203088,793.8288536,1300.126555,1158.142125,797.88796,866.8557235,1174.468153,1160.070897,943.9903931,871.08313,1158.241477,1165.294506,1093.070742,1257.062976,1095.598604,1290.340493,1147.393942,1292.853256,1268.694586,978.8402081,1079.294608,1325.191919,1239.523638,1148.488382,1298.409817,1386.274457,1291.452468,1387.520562,1539.996338
115,381.7483627,409.1436415,558.036422,509.0073837,500.7159026,442.3842434,433.2961082,461.5774472,532.0148613,394.2793942,321.2569426,490.7149443,504.6409696,399.6233896,552.7218335,484.4719386,621.7662447,510.567248,402.9015075,500.6236988,570.0474325,585.0238236,624.7639371,481.4469945,691.4032993,637.4240707,727.4776458,720.068243,646.4006304,556.6449698,778.6330551,715.7955718,772.8081211,702.555227,653.6399308,640.2081818,705.4698295,646.0305965
117,360.0986341,391.7004809,506.4501804,438.6820478,452.3439087,391.953405,435.5509342,444.902159,521.8919421,421.0687347,345.2934994,503.1120045,502.8701997,387.3019331,492.9866857,401.7760562,518.2975827,378.1813207,359.6937139,414.7489616,512.079907,533.3694894,577.3438113,490.0055302,574.8304162,528.8850246,643.6843564,655.7855238,575.7346728,524.4137755,692.9501191,663.2500162,747.1516785,586.9540608,622.9162714,617.871392,710.2695154,706.333899
108,165.8784938,172.3460104,211.6049417,207.29169,232.8368942,211.0659242,300.0405004,185.8624549,238.113839,190.939835,187.6474579,254.3002861,331.6456472,240.0919525,301.7722868,183.0505111,344.1525545,179.1454868,218.672646,187.995361,311.0630534,234.5182463,260.8738486,246.9355699,239.5017998,242.5939598,304.4433615,319.1030003,313.0987656,280.2318913,342.304934,384.4330888,365.2630705,330.9352761,378.8055735,416.3670416,516.3175665,506.0545606
112,209.051989,232.1867969,284.9663732,251.9570252,301.1592518,248.1107709,342.6219161,214.9317248,301.1093598,237.9135521,225.6765556,294.9667068,352.8609921,252.6412899,356.5867623,207.8906097,337.7687467,209.7711962,243.9193336,225.6167495,328.0833443,302.0543126,335.5937286,281.4110167,313.3602109,303.327811,383.4257075,400.168911,381.1381388,340.024525,414.5503566,434.7325262,501.6766962,374.6089035,430.0914689,429.4846369,529.2243594,478.3936866
110,364.6391244,375.6749877,477.7105195,458.8690952,390.5656328,342.5230489,394.5812631,404.7542285,438.5382532,450.8874624,331.8284934,386.3455107,464.3824686,400.6526915,342.5766166,426.7228385,464.564576,372.9567888,348.4240046,310.2519242,437.4528642,464.420262,445.0038178,406.1849049,415.9501043,356.0640621,408.3919631,422.6555621,383.09471,345.5952652,399.2110928,431.1401915,419.5783471,342.0856381,431.1197656,416.9642465,432.1124609,468.424504
111,427.1058275,424.6177082,475.8428572,456.4301438,450.1345872,491.1756743,403.5992228,484.1400332,530.1121114,535.1965808,390.0255803,583.290828,584.9786943,456.0257396,466.558946,575.8154658,571.2306618,522.129101,486.4291738,500.512193,584.9482637,622.5041488,614.3792564,509.0208325,623.4224679,605.9388714,624.1875559,639.4257507,566.3662073,548.6491628,660.2031892,617.3711911,665.1160184,746.1540856,643.7167114,645.3414909,631.8194119,611.0013508
125,422.9197145,461.2644966,667.2054276,536.4964065,491.9794035,509.0684809,411.0261345,649.851876,691.923439,602.5541221,445.2417406,722.7218868,584.4700961,484.167081,523.9286657,602.6706454,709.3065177,547.6133749,506.5647596,560.1569656,693.5970498,645.0666718,799.4796127,643.8766262,771.2420365,713.32825,806.3858846,802.1373692,737.6650961,673.1765788,883.8730891,834.9808834,789.6070037,916.3842917,842.5471712,840.0729598,866.046678,828.222115
123,536.1884639,547.1814551,870.7556089,702.416723,556.0831912,585.6341771,518.7578866,891.6947865,872.1079834,758.160589,566.0479441,1030.751551,823.7031584,560.7412376,605.6561515,790.2134718,866.6402462,687.8450817,694.4410271,772.2284867,920.9211427,873.7825494,1084.307734,898.5226703,976.2833445,885.5706936,987.513261,1050.496388,842.1901406,817.2916244,1106.930498,1053.051447,911.5814147,1148.900771,1121.46936,1090.167974,1158.952206,1223.108941
132,751.4696433,681.4812956,1025.291652,817.2612541,830.1308231,719.5952644,614.9480444,1042.446142,1082.356462,831.4101804,647.9992291,941.7191194,771.1626143,655.9334551,570.5856769,839.2664415,940.4975461,676.0810307,627.075033,805.4016151,893.1209423,862.8647869,1084.473428,853.6198065,1027.932187,863.7640456,1034.89584,1066.437856,839.5238938,795.3549124,1026.177565,1107.928706,1026.106138,1041.088451,1071.803318,1099.498729,1124.297453,1008.018815
128,376.5019775,350.4697405,439.3386978,445.9974056,392.2045244,401.1556316,439.7141258,485.9712699,548.4424875,419.6281773,384.2247135,468.8936709,560.3477421,417.3415311,417.3783285,475.5243657,517.2667164,372.6123943,428.6141616,407.7793132,478.0307058,529.3283597,514.3636336,459.1979825,453.7215854,477.0755291,556.7884827,633.4355985,554.7073929,518.2674419,623.4090242,619.3997091,572.5917894,551.872775,548.815415,568.3097146,673.3216163,757.005366
127,773.2537493,667.5148155,838.1772911,847.8899109,789.4152961,820.6567909,749.2928062,967.5062351,992.4188458,778.148004,769.2022676,911.3034764,1080.802318,729.3803956,669.6350486,864.5426319,803.0797975,715.8821835,672.1543185,857.8512321,847.4571261,970.1008218,1047.956602,847.7741956,910.8360898,893.0472583,966.5482937,1042.763867,881.5409134,829.3776416,1001.746086,989.3237609,905.2756663,963.5398661,888.0202026,938.9805768,1084.546394,1171.286452
131,373.3870286,373.7599175,510.7744238,395.415057,419.2317076,396.2364645,411.7094692,365.3572599,445.1288155,408.0316653,302.8918322,404.5612499,431.5462904,302.4936341,338.2040052,379.5470276,394.4782098,354.346041,310.0350797,375.7290359,462.822526,454.2664573,472.5380027,398.3522151,519.8093418,455.6808275,572.3386217,615.6062048,483.3115494,452.9541469,623.1580509,604.4443584,672.6858187,554.9445516,581.4769192,546.4032537,619.3694834,571.7505906
135,387.5220303,420.4780545,614.4717736,467.3945743,441.6703139,488.8003847,379.1212209,542.003678,631.0029637,575.3750069,425.1839719,600.2224907,567.7462929,428.140538,463.0763343,540.7690229,645.23105,492.9455307,495.0493498,575.1852012,574.9513069,533.4037342,693.4795998,585.2690819,694.3768886,652.7199376,668.5164165,675.4177956,637.9597102,590.4763237,786.793693,754.1261494,695.8294583,736.4652734,730.0714879,736.8814479,775.6591921,648.4984775
130,427.1291288,410.4233701,539.258313,446.0079448,463.208621,438.5525156,336.5710086,497.5641214,570.881473,476.0405082,370.1601544,453.9889373,498.4608702,403.3878386,428.1936936,515.649673,488.1099897,450.6802222,387.2967833,426.5816115,499.971409,483.7300176,558.6218936,424.584194,569.0813259,534.0211084,607.2592539,599.9338211,527.7330011,480.6342576,662.6569733,694.9632751,691.1331848,581.7368405,601.7716773,578.8020604,629.2232113,525.8680664
124,424.5472391,432.3102826,668.3710766,410.9360795,406.2794687,400.4192549,348.0011379,645.674785,712.8565316,596.7277546,451.8098965,608.5546257,620.5098564,387.957089,425.6412102,499.3596271,471.9685661,391.6877459,312.00568,492.8426788,571.9691078,571.2906299,653.5951976,546.5083452,556.0238176,538.0337464,687.7438807,661.7382223,598.1280784,546.0414203,764.1168547,731.3233707,759.9636503,661.0283642,656.0885364,625.8930722,726.4717218,744.4366257
116,201.2547141,186.7413774,327.8147135,248.7035598,214.5027464,186.6791495,284.5745299,228.6220537,295.5875089,291.5260731,235.8448365,300.9105564,413.6240162,326.0749277,276.0166131,307.5997194,372.6497452,291.7873664,300.8880819,307.4253418,431.9834601,426.2137189,430.5945055,334.6028788,351.4366618,337.9238855,423.0405686,424.5773005,341.5133856,296.6144705,397.9035712,413.3238484,404.8752905,386.1659397,406.1729086,415.9904004,452.0568944,459.8451366
137,581.5932374,611.7774175,946.8031381,790.3847396,750.9732404,677.7866177,616.3031045,923.2494818,1123.244363,1035.701302,648.7127251,1061.868882,921.8191387,619.3594988,662.195687,1004.432436,979.5810159,748.4446159,657.5292367,983.5601483,1117.232106,932.4224169,1241.458099,986.6972423,1199.906509,955.7206432,1147.791615,1189.87542,922.7209715,1020.887898,1326.002809,1216.899777,1020.919219,1209.031288,1306.604374,1162.348252,1528.284358,1486.827618
126,241.2829281,237.1294763,304.4815754,277.4790415,253.1272124,246.977556,362.7193141,338.5533473,394.3307141,332.2889372,259.5757305,277.5773244,415.979529,321.0012104,334.4988686,435.9642327,442.7615439,330.7542052,358.1681921,268.386059,390.5231886,434.2644136,361.740012,366.0997395,382.6633283,362.3672314,431.1262203,420.5277133,372.8918321,335.7902693,400.9687955,460.5455761,388.3260511,373.9166254,421.841077,425.5333701,466.0591291,536.8147532
68,459.9810915,591.641174,801.727558,626.9729174,467.7851533,483.0999107,444.7974934,732.5157008,836.2900336,773.1310954,561.646121,865.6748765,836.5118656,451.328194,507.7896129,702.6256452,670.7486464,586.3511255,536.3387279,747.1863167,840.969019,816.7116385,804.6613552,823.5658364,828.6353176,789.7667241,917.2337634,804.6245656,740.2460273,913.2576435,1015.744738,1001.709479,890.0495422,1044.854194,911.8388726,957.1938989,1113.94457,1432.083679
62,118.0232539,121.446699,130.1252303,140.1565766,117.6943802,119.8367252,141.5032597,120.9950084,124.185048,132.3441614,126.4679826,133.6025458,166.4310043,132.5433931,119.862414,137.6277016,130.0768499,130.8674276,128.1650686,114.592069,131.9357627,119.0005287,127.4440423,122.6068409,118.908549,120.8525016,135.5918466,134.5526351,123.6675681,115.9615856,122.7902032,112.6207912,115.8074284,111.5705042,124.0142834,129.006751,149.1296683,156.7150756
63,126.1437827,125.2582302,171.6663893,137.7908528,149.2843703,133.7806018,131.1570356,144.4804328,155.8734706,152.0570651,141.1318952,150.3967733,171.288316,173.6420581,151.6394383,150.5737398,159.3331285,154.8622256,153.7207819,132.1468209,203.7852474,135.9262515,135.3694125,118.0135779,128.6049398,130.65108,143.0609107,151.4001678,117.7214244,125.755365,165.8639861,113.5935861,98.35397672,112.3661094,158.1386793,111.0131156,176.4484336,173.0356121
74,310.4302621,395.8480237,477.8088326,411.7323659,340.3716802,312.3155714,346.4044172,462.119703,501.8802842,499.3930364,361.6248235,534.5016988,543.9496834,259.563485,423.9249432,482.4701662,518.5630021,426.8981781,382.1650116,436.7693331,561.0271244,533.8318583,511.546008,488.1253764,551.1385616,507.835327,577.8629824,487.5053351,533.7529411,541.6175988,638.4296061,580.515348,585.295951,634.2955067,527.0122174,547.2222899,707.5458671,833.5528209
69,124.7033292,131.1658098,179.019928,155.8784204,127.1798552,124.5320271,173.4038195,137.8993481,145.6836085,139.3670379,134.5399957,147.2184285,210.6725637,177.5850347,181.8569446,176.7328053,170.5411839,150.0418604,160.5893034,130.5916305,200.6285643,133.5020759,147.4059499,124.9275258,171.3438679,145.4431076,164.5830997,155.371235,119.1634314,117.7537332,139.7466814,108.500533,111.9249577,109.075518,129.526155,114.3541031,196.7021965,172.8100612
70,188.9008234,226.6582904,297.5381685,246.9225446,238.6936286,195.9008996,217.7260047,214.1605427,236.8589694,209.1951629,207.8764349,260.538354,292.4152108,239.4904749,254.7514999,219.2175795,284.0378855,227.0917641,202.8060449,213.6595783,298.2464236,241.6953542,218.0134854,226.1294299,238.1223752,195.0587873,256.000745,273.8674967,232.332164,210.7887952,284.736519,293.5937633,292.8411487,233.2599929,257.6119777,259.4377746,389.3821924,420.1982326
65,128.9382425,128.772288,161.0096298,145.3430895,163.5254253,133.7259069,140.0193589,137.8237292,147.2071568,158.2611693,133.9947435,166.0137129,197.6498727,166.2970539,179.4916124,166.4814145,162.4650438,155.5534271,141.6788519,145.9189307,183.8332074,148.0446418,130.448304,115.1649426,132.278277,129.8627486,144.9777722,178.8521701,134.733634,145.4101194,177.2614525,153.4543797,136.1041635,136.0109236,159.0714606,137.7036114,209.7624615,231.8905109
59,151.5441184,152.5637274,168.4875195,171.3581856,145.9476434,146.0028369,170.1053231,141.689557,152.8666742,154.2895693,149.1657425,158.9403149,172.1736077,152.325994,158.5755345,161.6356057,169.1338467,161.9439927,162.4878137,143.8160279,161.9145738,146.8986146,153.7449694,148.9935835,147.0273922,154.6351052,159.5368031,155.6441013,149.2128326,146.1117102,156.4919614,145.2080161,148.6406552,151.1363049,156.7809634,155.9229751,159.225596,165.8454079
66,203.8583539,301.7024595,391.1272609,317.6997852,252.6559965,263.391049,263.876724,327.9117624,383.9416925,365.5049751,297.4144062,406.5386627,471.870398,272.8795599,330.7429143,348.0916741,377.4556332,345.292172,300.7760648,341.2974303,444.2521618,427.0841132,365.6873987,395.1208674,380.9190328,332.6957828,388.9481429,358.8139756,392.504366,388.4270537,470.962301,515.7574744,478.2430034,494.1809134,426.7019326,426.6236483,620.1478342,778.9646599
67,129.6050822,121.3642644,167.3095161,143.6479765,162.2592184,137.1775778,148.3317048,144.0378347,147.4958579,146.2829928,136.7873961,155.4484728,186.8290701,180.2404415,174.6997469,164.9440494,177.7120746,176.3323742,168.462318,134.5737816,198.8884774,138.1005374,131.909855,115.3046345,136.7325765,144.1556629,146.8890983,164.7278466,124.908123,147.7689447,194.0686244,127.6713019,109.0473959,125.1006966,161.9925386,120.5272578,173.1753603,181.9663122
76,127.7637457,108.0249522,159.4599637,144.767368,154.2355258,129.9140158,141.4080941,141.5880734,144.5721433,142.7633353,128.4239034,157.4080317,183.2261986,186.7482932,175.8002214,166.4836941,171.9648145,168.9408312,166.0075975,135.2821116,194.1527242,150.0757699,143.5894001,129.8539888,143.2306518,137.6314256,145.6542379,163.8017109,128.399913,149.2959081,175.4516915,128.9941427,112.8588999,123.1352797,148.2115642,117.4984956,170.024547,207.2919329
1,560.404731,539.3456523,358.2113152,465.944243,404.8752324,362.9920615,337.71023,546.8242546,541.983635,355.013283,378.881885,459.0132506,449.8978549,443.483101,437.3447229,490.915335,391.0631059,373.5478765,390.1781245,352.6104328,468.6064716,303.7847486,427.3083179,496.7930801,457.4378261,343.2024261,415.9066452,426.6139678,407.6223525,425.7060329,460.9710975,468.1325759,335.4965599,304.6687712,286.4863677,386.9568309,440.7482733,560.4031612
2,333.6239003,345.241923,237.7436901,324.3046515,280.2113039,231.8622061,183.8442906,307.5954848,269.8698296,224.6069,230.0104089,307.7990223,342.8344919,283.2969399,292.0827242,311.2530695,228.8192425,249.340515,298.2188255,245.1110282,290.8549535,204.0255448,285.1009839,279.3806454,250.898618,234.4241981,263.7159661,272.6777166,273.614571,226.114183,271.8658603,279.156004,228.8587874,200.6968368,188.5989156,233.3702798,325.9844715,362.7445481
6,725.4085479,558.820668,418.0663548,526.3014203,452.6791917,375.1590336,332.9456413,567.1383844,589.1697281,438.1650379,454.5915534,515.6619185,585.2840543,545.0131098,449.095152,561.7707432,462.3081448,468.993466,477.6434237,530.3702728,589.2871042,346.2087904,519.4260925,658.6569711,482.4794734,425.8943031,453.7581077,515.6053986,465.6196845,497.8395043,496.2726124,505.342274,376.6199572,426.8850844,379.5666928,413.2609225,594.9807405,699.9112696
3,253.7544353,259.9865037,192.084387,242.6308193,198.3031226,169.8111314,149.8595812,261.1708033,256.2803857,170.9757333,172.8138191,215.1109283,239.7621108,237.3572568,279.439373,327.7652934,181.5898032,186.2607381,197.4012634,196.6243721,228.2816642,162.7172249,238.3177906,198.3986869,195.6261736,203.6003077,233.9537408,229.540336,202.3862947,180.1697352,210.1740213,211.6429429,173.0531455,165.1852761,142.69022,171.3518906,227.5640254,308.7135599
5,798.9221222,593.3655684,388.2608755,473.7038709,429.2280583,410.748608,342.2389737,674.3196189,803.468572,454.5695936,443.2613088,521.1003312,505.8788934,629.9383664,472.4615844,628.9618865,525.9235346,432.0269753,456.3510941,503.2987835,723.2040409,369.7638476,587.8075434,785.0560899,560.8415447,453.1699543,494.2177534,613.2109115,562.3959946,558.3498449,643.0724922,593.2024698,377.0867003,434.1056602,412.2906758,401.2608722,481.1094503,773.4085952
4,369.8183086,334.7806231,314.4628936,337.7308115,346.6344903,299.5382859,210.2372696,326.9584441,332.4532202,274.1128037,287.9583944,357.2406387,405.8537154,263.1759587,306.2193597,348.5280648,277.7088814,291.0757288,308.4785692,279.3387985,311.1520305,241.0178368,292.2146178,333.6778002,269.5736893,234.109007,273.706451,326.7298502,270.6952911,261.670915,310.8289952,306.0740823,294.997322,265.5203588,217.7835169,288.9579659,401.5816474,469.5908444
9,558.9779436,516.8817493,363.1491621,450.193193,346.5829485,328.221953,303.9013919,529.4246573,467.9074555,362.5643872,419.5611097,439.0071978,514.2782431,485.4129612,436.5150461,641.0375868,357.4172205,404.927001,484.5786172,460.323758,475.9610906,330.5867524,482.9233459,556.8566949,416.1454264,405.4473061,484.6892928,494.3973946,344.6017486,400.7022318,461.2312027,447.7421932,347.3027634,368.4950549,314.0676002,338.3556594,532.8909322,735.0592866
8,797.491296,579.0813794,430.2135103,551.4345324,471.720542,368.8153818,362.5084341,626.2068005,708.6800578,464.9162351,507.6763508,577.1985325,615.453363,649.9024202,457.2502847,748.1027335,540.904671,421.4090994,514.7565229,685.8230278,665.6495219,439.8205571,667.2355508,708.1628444,459.0559756,492.7678075,523.0045802,559.4441619,472.7647951,672.5493337,514.2486327,588.0300828,442.4749218,523.6676363,563.2597347,461.013185,735.3595604,793.6399108
7,413.057523,412.385104,368.0822755,423.4150381,313.7627041,315.0722237,292.5320568,428.2986588,376.0350452,354.1704499,373.7398271,431.8815607,479.1718952,360.4707164,332.1689773,466.0348568,312.0932154,329.0850431,387.8505995,350.4572961,335.3194523,287.008679,339.6137383,482.7109734,350.400038,326.7343682,394.3658916,382.5240276,302.4662806,333.9822342,348.1930384,373.4086649,299.0261677,329.6989727,269.7731578,277.8242124,449.9003419,565.4560043
147,675.9598859,509.526431,594.7152285,643.9588428,540.3242088,710.9084934,610.5897441,853.1913501,870.6928268,686.7221173,556.9805832,625.4282523,1035.157012,750.973554,521.0492909,766.3192638,792.7164752,593.3251522,622.7666455,840.7854036,748.207472,920.9711718,894.1828319,751.8697285,751.0445993,753.6706051,783.2460863,1022.68461,750.8703256,721.7447839,888.5745266,832.2764228,708.4015601,731.3538028,706.1552863,771.7005103,934.6871849,1147.913936
141,324.3149356,342.4632947,370.7810998,403.5000169,314.3271932,345.0882118,359.7034753,436.2737554,437.2967428,360.7333178,326.9374401,416.0846423,535.5284043,432.8020805,373.166461,391.9879988,482.4975896,347.2353785,388.1104393,380.0647592,443.0699455,438.4198779,497.5539758,426.1804607,422.5192288,458.0315937,534.5572405,618.8487406,517.3665221,493.1477989,554.6682043,545.644734,506.2537677,450.0844232,451.2444827,454.9782185,537.0145373,672.2754357
156,397.6454409,480.0951185,598.3186024,481.2364142,456.3506819,471.1467712,385.002872,461.5666661,648.3996689,651.3262518,479.5229157,432.1781285,656.3452098,481.503857,444.2940778,517.5059332,504.6063924,437.0976918,431.6755592,616.2335162,656.1606274,483.2262335,597.9710189,537.9284301,578.152129,586.784869,579.6323404,647.089075,528.4183126,548.4133128,638.5963115,610.3712785,502.678922,555.9335236,526.8440853,474.7144887,479.5828594,430.1123731
154,457.3956542,416.3571443,715.8159809,566.0339879,400.9940062,490.1175724,433.0416723,571.4577965,743.4205801,706.1229014,531.2489214,598.0907758,847.6125357,489.8372658,367.2696671,592.0674381,609.5316954,513.2727935,418.5586884,761.7928736,762.5510366,654.6093105,768.2212326,735.7182495,825.3149049,742.4918209,705.0129104,915.9188092,662.7714907,724.9566888,883.9322894,921.5931061,816.0735521,815.8938783,761.6401149,821.1531106,907.4735433,968.9699523
148,297.6194696,289.6451313,325.0838022,309.0010049,267.4895817,269.9380337,320.9410092,309.0524062,374.1356014,379.7103519,290.372578,320.6964709,448.573356,353.0688761,307.0321737,354.9282542,402.0236617,306.05076,366.9817229,296.1219386,344.9191212,418.6045949,377.2225416,397.1642168,357.8403019,328.7917763,369.8415441,374.4274753,405.3409447,337.6318652,373.7815221,477.4197757,380.2377872,374.1744077,446.287184,398.8567731,461.8317106,537.8371618
140,447.412107,436.3252444,485.1654845,475.1179476,432.5355298,462.0132289,437.6643557,602.1986535,623.7834057,525.2198926,430.1766444,519.8892952,689.5804056,539.5337893,425.683223,579.3286191,598.6451505,463.7002656,470.7110313,518.5862012,541.071397,641.8859992,630.2913295,529.2468882,543.996441,547.6148836,640.8495795,734.2965132,611.7225117,576.3773327,681.5281345,671.7808664,594.0694327,603.2417645,583.0958086,604.0442495,722.3037742,864.6719703
150,404.5390634,415.9407368,450.0164488,472.530272,409.6598269,503.6862988,477.0075689,599.8947492,602.1175652,498.307182,414.3386543,530.6714474,795.04235,534.8711578,436.5534238,567.8720764,628.5712466,488.1336993,466.2312531,624.0896622,627.3941059,686.4381018,750.4677785,643.4059655,631.2516168,628.8822933,667.4046541,891.141988,697.6068237,657.2032275,790.3104254,777.8409977,689.3487443,669.2734216,616.7021695,703.1826829,766.5640253,1016.613796
155,480.1996544,445.2188826,396.9576546,496.088106,529.5178689,533.1993658,464.2371458,502.6164824,582.7353339,619.5935788,365.2347407,477.3952641,662.5004773,530.9538372,440.5014992,560.7135553,627.3653165,447.2822944,547.5216835,528.4823468,491.725802,729.2644497,626.9256847,585.7902749,589.0637965,599.8423576,638.1900737,768.9456514,692.5631875,589.4655404,663.3670794,762.7170382,568.2936226,592.4122543,555.7283508,657.3953956,682.422519,767.3847212
143,278.7319814,280.0390669,310.8890366,310.2730757,274.0500896,292.1708185,350.7816402,327.4513867,359.0020839,369.4581947,270.0687324,324.1414621,456.0905478,375.0970339,322.2371442,358.6985944,395.2968794,321.8492025,402.5608518,289.9627388,333.0659836,406.3404445,371.5201158,357.4865303,355.6988207,346.8791635,386.7382425,419.1755465,422.2049815,358.4494187,395.7022678,475.8145037,392.675546,372.702682,417.4610073,397.9437153,503.1739403,513.934717
157,309.1951627,342.0452877,521.2178467,442.8609059,418.5124115,447.4896189,369.4782105,430.1883778,652.1787229,630.3661547,487.1674075,421.4860917,626.3433402,491.6706747,468.0443252,519.8929398,532.8734143,477.1163559,500.4176314,642.0788109,657.6085616,526.021133,623.9418602,592.6698591,562.4218851,676.2531992,715.7398733,716.723162,561.1199648,642.3956333,673.5512341,800.1145294,680.5190797,743.6460017,683.2658764,708.0960331,681.6911757,634.0922124
158,316.1970339,328.6848118,554.6664418,423.4233978,369.7879997,493.2857591,364.1020313,459.4312821,663.8361709,707.8461128,541.595198,441.2674933,626.5913199,498.5191564,491.3946146,631.5398833,547.5217317,511.479642,536.0836484,754.6023403,804.0372313,615.4734666,776.0125117,692.1409769,695.3289036,841.1776348,832.1987223,818.1060001,696.1058886,772.2130492,780.0930327,974.0206823,835.2796229,877.0267168,796.2806676,870.0494715,805.7497328,726.2667287
159,369.6463661,356.1597793,576.4470221,512.1264408,416.6615149,520.2935734,454.3649167,493.0420508,674.5816655,693.5043012,478.2820751,459.8999489,606.3046429,485.2945966,491.3143643,630.2717055,575.6145362,530.1236751,572.3504881,702.4205487,718.4359357,501.1346054,667.2090157,689.3975083,713.5691157,778.627489,720.4848059,812.0344233,641.9375943,719.0563227,667.2205054,891.5991713,749.6713304,777.6113196,702.8817888,757.6191155,686.2195531,622.4933433
160,425.6101418,351.7970406,640.5466596,517.7107751,467.330203,445.1691017,451.4886947,473.1486503,612.0993261,646.9987599,431.6417964,460.04026,628.3754992,461.521765,507.9477524,647.9262089,561.8273663,530.5660062,579.8412537,682.8544448,694.249462,462.5632864,657.7598531,674.8077252,725.6809852,720.980628,646.170559,802.8528948,644.6722194,704.7147536,652.9365222,803.3795523,713.3793637,689.4358659,672.9923628,694.0561139,711.4166487,749.4538366
161,382.6468602,314.3917634,553.3187808,400.6501952,360.7371312,431.3482607,342.6573718,326.7126816,482.6476807,454.2952327,351.3955749,407.9653316,494.9087493,369.2151361,335.872668,465.2453654,445.3347733,415.8546137,405.0903103,522.4448004,479.4685504,386.0382022,510.2106689,510.9514104,512.3280953,505.6699844,471.8787408,626.9760362,469.2627374,550.9144839,544.9910264,616.2467245,567.5941864,577.2695279,599.1696141,603.3596919,615.2445016,729.0156046
162,422.0756122,325.5663961,560.3367902,485.2901895,445.1389764,442.0055541,384.3753234,362.6141901,585.595199,512.0618997,397.2021361,440.7525243,571.2674534,408.0600995,406.4275289,529.8938635,489.8785933,445.1176289,488.472706,537.0571959,453.8123547,386.8086548,552.9218578,507.9241114,600.2227789,516.2213372,504.4306433,693.0946349,505.6283858,513.109754,542.6592146,658.0451227,551.2243764,518.3634921,550.7779536,548.9233535,629.9028875,624.7936218
164,336.4459416,273.3124527,445.2577326,416.5885229,351.5090091,360.9571837,299.8192346,314.6486932,478.9980222,400.8984687,330.0767005,394.6556298,485.818733,356.5982563,355.8370147,472.6767928,465.3136511,359.8576368,385.8900678,511.4769409,423.1843719,422.8176738,516.7767036,430.3966171,577.3858956,460.2007297,489.1931393,687.9440338,474.1833517,462.0597094,527.884404,637.6827562,468.8316018,497.6574461,531.3382527,529.2727528,632.6984184,607.791579
163,328.2287631,330.8966135,537.228834,369.0701764,374.0374873,459.5940876,376.950901,340.1426608,467.559061,467.0030593,341.9119435,437.6798413,505.3704558,415.1820134,345.603635,481.8261882,457.8459939,428.6960244,397.2994074,576.211381,494.2141541,506.6910529,521.6809065,465.6981275,528.0593932,480.4083759,442.0623906,652.0450941,467.5928856,534.7950075,549.9238913,572.5430126,540.8901768,581.9109584,606.7382465,599.71127,650.5625108,666.4834891
165,204.6809316,192.5620722,328.6185748,277.640346,223.4058845,307.3349283,245.7008209,192.604911,283.6032611,317.2034402,213.0926945,282.4675455,384.5598779,275.6254472,254.9061667,268.152592,303.5466371,255.8175152,247.8463864,374.7080128,260.7275639,342.3867375,334.3851691,324.9329894,333.2445255,295.6858508,239.6682282,395.2593096,314.4689853,353.4704379,346.5535203,342.0052381,295.1042361,335.6171151,356.9831532,342.5277687,445.7671881,358.3886506
121,574.9258485,509.4897173,761.2257422,696.0422782,700.9577714,673.0479921,631.7097942,823.771371,883.9585545,633.6909535,501.7623245,680.8291419,669.8663792,595.8833312,607.4590712,732.9985866,753.2706095,594.2942036,480.6035511,698.9355929,755.7053049,802.8745542,881.105119,749.8459466,868.8662149,787.7824075,898.8122804,968.2342774,815.2784155,771.2972088,986.2547121,916.1017792,926.2449735,886.1604857,894.7039732,841.7969924,1035.897473,1209.767002
21,798.6273659,691.8691935,929.0283409,722.730578,685.8816765,595.8100653,656.4603625,1018.704766,899.9233135,788.6050081,716.0559961,1023.796316,1421.70114,776.5929838,553.6521206,1082.057561,732.9985852,615.5308268,887.5951789,907.7063189,792.5351801,728.0893844,800.9819986,885.1680424,835.0634395,844.7751094,892.4736634,701.0349421,623.919466,860.4814848,801.3909934,852.7176469,655.7785813,730.1721435,650.8702967,702.9774011,984.4989323,1306.538237
118,269.9075228,242.0554858,335.0594625,313.2151947,373.8706797,316.4135516,402.601862,260.8855676,382.0170518,268.8455451,272.537935,333.8983301,381.327272,330.9490858,407.7447246,296.8035983,427.9331955,248.5221458,322.5314939,268.8958848,361.9111751,346.2857772,374.3789922,311.7073406,332.6222522,358.2000709,435.5057474,472.0222688,429.0219761,388.1296455,465.2905599,488.2454596,467.9004281,414.2502742,475.7737292,458.8976716,582.5368506,578.1908479
26,653.4775086,713.1714747,895.0706873,631.4566753,680.2856563,480.7153516,712.1929316,1042.427193,805.271013,756.3414024,823.0318372,987.360423,1544.93061,1087.485689,522.6022891,1010.28157,661.623311,594.7946908,1047.743958,920.4078063,815.6123803,686.5922323,959.8048211,823.7445231,766.2750957,787.6804972,702.8622664,879.6164465,656.5898913,1022.80368,688.7204239,982.0156424,655.2466379,801.257983,785.5024195,786.6822788,1155.580367,1458.205752
86,357.3995224,455.55816,622.7998321,562.7587056,427.1629353,409.1393968,377.559148,588.3546426,634.8656957,611.658301,415.0730223,661.8331788,657.5382289,349.972005,461.932028,642.1538871,607.621988,540.4039542,432.1775074,565.3957167,666.4821902,641.9333662,690.366859,626.024464,713.7039216,680.7550117,799.1563464,662.779007,644.9439827,705.946386,826.9653426,708.0766282,736.3211474,866.2993598,675.7481483,728.3949305,854.6516586,929.9354071
114,188.7531236,186.2447345,238.7269921,220.9305619,251.3717928,235.7580667,288.6752253,225.1765984,259.3748909,244.7345055,218.3744408,267.7925556,310.0637829,280.9326682,328.3442584,259.3513529,350.3363564,220.6324327,245.0676976,184.0680084,291.3496867,273.8884149,272.3454559,279.9527183,235.4208578,272.2448183,328.8087338,330.0773058,308.3902785,245.5789303,313.1072521,358.4294623,345.3666452,289.590098,352.0867345,367.1061468,412.8471034,437.3325321
10,502.9921997,335.3829977,298.0632387,381.1404763,298.0265572,256.1486921,322.3809528,602.5089619,412.9505538,310.0003964,309.3755369,368.0363577,397.5477944,399.662987,378.968329,640.4431831,280.4895669,333.9385128,370.131712,381.6392407,425.6130763,316.0466353,464.7992381,396.6812508,338.36117,333.8407049,405.4455467,358.6521628,342.4198918,330.5711368,378.6714594,381.1271875,346.8903396,322.2224666,342.3306187,359.0474637,368.6268178,568.5716454
12,426.1135535,277.0520555,284.9267854,347.0585342,430.1223599,353.7011267,351.542424,809.6648627,425.4366569,316.9440743,281.7245005,392.1718449,354.63096,341.6394205,422.574341,383.3147953,362.0510389,454.9786624,444.0403314,404.4782453,574.5938675,444.0618894,613.719497,463.5143273,452.7300758,371.9955097,393.9086857,375.6345327,576.0712306,377.8055521,418.1226709,386.9499504,405.897245,402.3471123,372.6990237,373.7100402,369.5023966,478.4402785
11,934.2803757,632.736673,362.326627,422.0893802,313.5148993,299.7640395,314.9863337,821.2505625,785.2752066,437.6337341,546.6997559,459.808737,546.4682424,592.4152892,546.5082009,917.5167934,378.9837907,389.742891,434.3710162,686.0348331,776.5562632,466.1456841,708.2679488,665.2593705,437.9714481,498.8703907,552.7440522,623.9073605,498.1001069,528.8576978,641.7771935,545.9029994,449.2154232,391.7448282,471.2480789,394.8628965,411.3984433,618.7845117
15,439.5530413,342.7075111,390.8093726,367.613899,356.7265022,301.5537579,336.0769844,494.609109,362.2112587,334.1432218,270.5113025,357.8749462,471.2072858,335.9995334,375.6850274,534.2719682,316.0708656,406.9766236,319.5043044,333.3425902,408.8620527,359.7927025,444.8355158,419.9191483,376.4747358,380.7155144,425.1741538,393.4762654,419.2709304,386.0029136,403.2174277,412.8959861,368.5973937,385.325775,434.0670544,406.4417222,495.8292001,617.7652098
20,641.3179446,394.2779952,428.0864115,528.9782126,615.0212351,426.2263477,571.8705396,1054.542994,745.5645111,486.3003252,422.213244,602.6414613,628.9608316,471.6342915,593.3542113,653.6356763,457.8286954,540.844342,572.2846846,644.5875357,713.5817861,654.951105,771.2227949,681.0655691,779.8177507,591.8387059,608.869326,547.0505092,743.6610342,650.5846567,635.4561773,465.1617391,640.2792426,598.1638463,581.0472681,510.9880706,534.4436006,705.7157263
13,811.2458559,600.6787645,437.1509995,583.9795894,523.0177865,394.0395268,524.8212719,869.9107847,909.4092962,533.1987687,650.4029513,687.3710512,814.750334,717.4275555,481.0304852,712.9771923,633.4053241,454.3615265,684.4882522,797.618796,642.8041345,540.8759029,707.4194058,604.2379296,504.4789611,632.7541949,613.2174704,591.524472,485.8868741,802.7271812,596.9851905,731.57651,430.4908987,533.2246694,528.7374917,530.6722104,852.4906149,709.6349904
14,953.3649838,849.7906592,602.9246232,726.8630134,570.4346628,530.2944496,610.690014,980.4878556,902.0523311,689.1884967,761.6580133,962.6410695,982.7525933,809.7182543,599.9379556,1056.335739,675.7130663,550.1757515,789.1038953,926.0255299,819.2238268,617.5403968,903.0275162,716.8423234,648.9131442,731.7129395,789.9542114,720.990218,498.4211986,869.7156691,653.5508257,726.6454965,587.3272569,646.1556844,544.3333639,574.8780151,907.419266,927.9947183
16,800.1673864,594.3002932,630.7331743,594.7993248,486.3870109,465.1359766,681.0246604,1227.285348,1034.994696,673.9482794,642.1505802,833.694684,1154.105158,821.1110823,576.3855198,1136.631665,624.4562362,581.098239,698.1428654,939.3350419,855.6647263,614.2859091,879.6600424,858.0692455,670.3298002,810.441206,886.374688,739.8921566,586.3706609,829.363787,728.57679,791.3608844,603.0104092,645.6867553,688.2007715,655.2470665,851.9087859,1116.534145
19,237.5380747,243.5259124,271.7269918,263.1491834,247.2697152,252.672082,205.4043396,266.6662961,231.6918251,212.0820179,202.1052053,281.3035182,351.8272339,226.8708084,202.2447175,254.6049891,217.4928845,245.3610641,204.1696711,252.0917221,243.6602997,228.603165,273.7409763,267.5832457,267.6231964,251.5559717,271.7072948,261.520664,264.4757162,247.6751064,305.0689317,251.0117684,245.8785457,236.5901004,243.6710348,249.8418031,343.9726824,431.857941
18,834.0552369,627.5391105,602.1155222,578.6455726,545.4848887,446.1521796,658.2653212,1383.589906,1171.600829,744.0449578,734.3471722,793.9470319,1197.125739,858.7383914,561.0994216,1091.975808,587.77937,547.1867298,845.6864324,1001.639576,838.6832113,594.2835971,853.4200309,750.9166356,670.4417496,850.6522157,758.946665,675.2657908,558.6621941,934.9574463,690.4798141,735.0035997,566.316992,627.050229,555.7829189,567.1534776,942.8338048,957.5250403
23,510.6929922,471.0087721,508.8511721,523.9261472,539.2730088,441.6264278,519.3575211,689.9601692,619.8518401,451.9557679,392.0124711,650.6463522,657.4421723,475.2364701,506.7216389,602.1257115,445.3034972,475.712188,426.869394,548.5581486,515.8323837,557.4049303,574.378489,643.2854351,587.5416851,523.8421654,483.3799235,476.1974309,515.2907632,511.8114731,547.4057986,534.7670644,569.6654525,539.8827036,522.5013363,558.2963337,603.0073503,913.236014
17,565.9306847,471.7459594,649.8769753,561.4309168,510.807043,447.6083781,480.8952376,657.2779969,552.7149483,476.3944301,423.9524467,596.3059981,742.8230367,568.9001844,457.5300799,652.1513267,457.0603189,528.908271,497.1817361,497.521639,453.9241143,469.5508532,564.0961371,606.9882976,497.1791234,489.3452199,580.254974,492.2571593,450.3008454,502.3204326,559.5133796,533.698835,498.8465759,501.8440567,526.6386583,536.0037201,684.9844697,946.4975911
34,904.9767566,1084.132201,903.5300868,906.6429019,848.8702609,549.5727097,984.0121729,1082.237723,1033.268811,1068.076371,1169.238665,1363.444192,1900.837057,1221.058751,785.645217,1050.19863,867.8760278,630.2645588,1140.832956,1033.991422,1051.845579,806.1401184,1138.420054,983.1916636,829.3157619,1007.28793,751.4721676,812.0026015,887.0507008,1038.359386,817.5489045,1131.243472,750.7557506,788.0410287,890.6147295,889.4640123,1083.08354,1564.488747
32,609.8703636,487.4581187,559.1851307,591.3748652,545.5352034,446.1226812,502.9203942,800.954921,740.3823225,569.7853761,488.8629339,719.9874756,737.5351048,586.7167869,641.8263272,660.3288017,533.8733391,446.3204265,495.9089175,698.9404091,604.9127998,704.8113701,703.7534948,703.4629363,724.6146669,626.5537283,667.7948555,594.8891278,662.8247534,616.712228,685.1233513,629.8646988,680.7414225,653.6795815,661.197439,634.4061708,727.9642314,976.2371327
22,769.4626707,609.0376321,904.4900473,695.1906466,590.1298085,570.6398139,767.3677575,926.1257639,852.8434714,695.7631118,676.0704999,964.384701,1214.629132,750.9762864,593.2926035,1054.714251,711.0986386,647.4278638,851.1991247,794.4082089,655.5929359,633.8528158,793.6882315,937.3294943,647.0224711,687.2443232,787.3402833,585.0053097,518.5504871,766.3913118,714.6550645,745.6157058,639.4603644,743.2368754,704.0905321,736.8786435,916.0457599,1414.691997
33,845.158156,975.0440019,1194.633637,1009.04894,978.7314364,765.1276629,792.7273512,951.8703661,943.2293518,1160.042135,1038.725105,1143.630368,1674.150905,955.1122115,715.2179387,979.0694929,906.3492341,780.1655552,1001.237387,974.6363468,903.6529177,885.5775465,891.2399557,1012.740982,883.5761474,812.1866269,876.0883302,919.9642322,714.6727272,962.7354085,821.3991341,973.0101978,816.2811638,793.3159,826.7078422,797.8596717,1181.82709,1605.49621
25,564.6466771,570.8402445,660.9907454,626.6113021,505.9856585,474.0151134,637.8662499,831.4259979,922.6164375,538.0972649,512.5710754,763.0861528,859.3800751,560.8638183,559.4536183,683.449538,439.790327,512.8299092,516.2376573,518.0452621,496.9141618,553.3799022,579.376272,653.3275078,496.3619126,517.7493116,636.4167771,454.6142579,476.4010616,512.782521,621.1117173,589.6421444,569.2280854,570.9880943,594.4255575,552.49704,628.0596661,1007.141526
29,346.6416165,336.5904173,435.6677972,455.2348821,459.7523339,368.0439864,339.6327785,458.6440744,481.6467591,404.5794357,373.4320847,553.6315465,568.286657,421.7559161,495.9713005,461.0261584,462.7382763,426.4545334,359.7758018,524.7165326,458.5024621,501.9894869,489.465889,572.0079603,501.0924743,479.6693815,455.2273693,484.5907008,426.1199297,484.227789,521.2541644,512.8147008,510.4773581,459.1528426,453.8376214,447.1617541,537.4609648,682.2837182
24,769.3502458,711.8883103,901.4868889,654.1741058,743.1689322,495.3750166,619.2026315,835.1788518,920.4143434,897.1734364,802.6510112,1019.442855,1499.903377,850.8290026,593.5062003,1146.584728,686.5807454,586.9533531,849.3214468,947.8510612,747.319986,639.9739134,713.0808327,822.6945647,702.2255522,767.3837794,719.0353753,738.5511581,536.1412763,831.4399442,691.9593067,676.3776797,587.4054594,659.9560412,638.8114699,696.1846506,957.46064,1412.973624
27,771.9998201,837.0499879,1105.529469,785.7302018,904.8768616,664.2214098,692.6993277,959.1397553,831.6811708,997.7121732,913.8756351,1056.830598,1732.514503,943.0286583,587.285186,1033.124548,771.2275034,696.5064613,1123.959653,974.5517914,853.1663329,796.1200413,876.5086594,978.4491255,890.1551039,851.2950152,842.4648397,896.0410474,663.7512196,1083.000083,795.8325891,980.4049059,805.9246776,775.6662188,831.6435767,826.4781815,1114.7081,1482.401725
28,575.7576226,597.964485,864.0792961,656.1802857,596.0158368,530.6511958,632.0074951,722.8586933,842.8506258,692.1170151,605.1639773,906.1094112,1178.429064,754.3505307,592.0621794,817.1318203,636.5822955,548.9008318,718.0015237,621.1016963,568.8061774,646.3404218,665.0785359,765.4665805,638.9367571,641.5202094,703.2713891,560.8141789,509.9938822,699.1556759,670.4310769,634.4796991,566.5159378,641.863779,617.4584757,641.6826272,814.5100613,1159.261243
30,349.6275825,402.2828519,480.4027106,503.0052073,423.9763307,402.9525077,401.1296107,414.1690911,487.7238661,420.7482814,372.6193851,509.5963369,611.9268404,417.622936,397.1221036,419.5667507,392.3855114,437.437911,406.2138753,419.76695,411.5915777,428.7252807,442.6731298,471.3621299,424.6270658,442.0612086,497.7799829,425.4878568,405.9662782,416.6364464,495.9596567,499.6451468,436.8630189,413.4675918,443.2303869,452.8368189,529.7114133,635.2092171
31,699.132707,495.7388124,495.4259256,605.2740332,561.6606321,445.092833,523.5499673,782.6285419,740.3111116,541.6934275,491.0860207,551.2310556,670.9897881,585.061383,713.2473301,700.0333761,482.1185145,510.106743,598.634078,731.9176047,672.880545,806.6239495,787.026926,690.8175684,864.9902183,645.2842037,749.0138598,605.478262,725.0493404,721.6443059,652.1362138,512.4551211,685.2947877,661.2108038,652.8245729,560.9565955,643.4446362,705.9603617
37,304.8395162,387.5281916,485.992073,460.3840991,474.5197001,347.2991699,362.1090583,382.6503405,465.7282796,436.6783565,376.4174369,503.5590439,598.1931953,405.477494,423.1482671,362.1464782,412.855052,378.9452872,391.1658691,430.9196591,405.0141545,413.2437546,432.1848745,493.6476961,420.8081118,454.6722495,505.5008741,415.8674686,385.9039606,442.4466139,491.3397624,524.2028434,489.8234287,437.8262615,466.6831423,471.0288097,562.5756094,710.467407
35,691.2271847,754.7244153,957.0592014,712.3981989,751.4320012,556.10625,641.4935352,942.0018719,885.3291066,978.2357544,940.2905033,1031.322559,1359.684054,887.1562662,687.1279872,1035.603628,696.2449007,607.4199342,821.9191874,944.451132,746.4693824,742.8232277,821.7906287,982.4492057,783.8808376,776.8746403,854.0430978,784.2528923,651.3533391,864.6425567,712.8414803,855.0541815,661.0132305,754.7950212,687.8205559,755.0733313,965.2730764,1305.213356
36,552.9469619,632.6850804,883.3597554,783.7150821,717.733156,542.559305,660.0731389,783.6150023,820.8631315,797.7619218,657.5272147,864.2996908,1191.779732,773.4274496,671.5932592,851.7734239,697.1903288,613.7374742,779.475226,797.1057188,657.6495026,716.8739305,769.5881156,889.8576035,828.2146322,717.4159407,882.5826364,676.3931008,621.3959876,770.2874301,733.8735432,758.7720548,660.4241361,775.161003,727.4263306,843.5954514,965.1253092,1268.482515
40,665.5770055,800.5911383,1015.210884,878.3259018,793.3788073,762.106427,725.9550829,1101.028927,973.7328179,1120.169216,934.7976493,1123.11879,1462.367064,942.1639989,910.7481163,1137.543604,823.9515049,684.5702185,913.3232108,974.2181492,846.141853,915.624978,1189.616574,1005.735248,1030.633409,872.9029602,1025.01315,936.9074941,843.1923687,964.3140646,849.8951939,1066.601105,926.5563326,962.9656168,958.0969782,1115.600194,1236.725848,1424.047946
39,554.7472369,749.7540299,879.2596473,834.4547256,745.080066,593.628293,655.5761184,835.3890672,798.7707908,830.857705,750.4350856,886.2774945,1302.285946,743.794373,618.614542,717.8263091,699.0274046,613.6626953,808.7701199,868.315408,730.6885756,731.4476296,869.694939,902.5809838,835.8628469,736.6954577,945.724661,728.6343397,716.612213,741.7652915,819.0129678,890.3556566,805.6309234,764.5765819,700.0138419,881.1886429,1017.422725,1326.640407
44,131.262922,140.835898,149.9765389,167.2898928,152.79279,139.3570971,154.4210583,132.0409166,142.5150552,143.3490691,143.7750033,180.4315641,201.9612904,166.9609372,160.6211865,163.5167429,152.4425904,156.7631927,152.079824,154.1988986,183.5622576,161.6229742,146.0887247,140.1321323,137.9923779,163.5361608,159.6417666,147.6347578,134.481138,164.5619379,176.7064903,154.9992816,170.5826589,147.9581798,176.1218038,177.2795635,218.4845072,262.7626602
41,179.1281791,200.991355,202.560498,214.630779,181.7953187,163.7511435,153.2217252,166.7011015,182.4474668,182.1252985,209.9156149,251.2365773,345.0027907,214.7597231,228.9833057,206.7089434,176.6068795,184.6663809,212.653817,198.778165,239.3586042,212.402975,180.1418475,161.05589,167.7029124,158.1255705,177.5666092,149.4706572,148.1222305,212.6664084,257.6965539,164.4736742,198.7128491,161.378547,224.3568129,235.1652676,275.6611771,366.9646194
38,136.6061119,170.2024835,189.576555,205.4648346,181.5016166,157.9951957,150.3830116,165.9496455,159.9318945,167.415238,203.7055839,248.4154512,312.1291578,211.8744449,191.3190623,221.7787501,206.1052896,215.573646,180.4345939,184.7856491,201.6399017,194.6138471,178.0590469,172.6714762,152.4459264,173.2991014,205.6858074,148.6450478,135.6366636,189.9026767,250.770768,202.4924561,202.1880561,157.0328987,203.8791875,236.165844,297.9500207,382.5482053
43,596.8386799,616.1643468,873.8215007,731.6581423,745.4642539,528.557428,560.1263748,800.6984639,780.4233219,723.7819223,638.6533868,851.350692,1126.123948,784.1022675,632.9651121,637.3157589,527.87616,514.5975443,662.1269038,790.1277605,641.5126322,694.1622879,774.3226804,810.7264851,770.603546,625.6454917,814.5431425,713.8862508,548.7904636,770.3178847,727.0889287,869.0576559,746.1127347,719.8259224,721.8377521,829.6038996,934.0939726,1408.971699
42,132.0807722,180.3322348,222.2023394,241.4488482,239.6989295,181.9866636,170.7680463,156.8451258,180.4585557,188.4263223,207.1511047,277.2331862,311.7551757,257.8987267,231.616671,212.6962574,211.0481462,257.6782171,211.4237767,194.012145,212.3931901,198.3049978,174.1447256,192.6440928,162.3910445,227.9987877,235.7220325,197.2154029,163.3350468,204.4528413,230.1071554,234.697714,234.3141797,156.3792245,221.3028291,234.8592578,301.1821234,338.2596131
45,196.1500319,285.3439492,410.043079,343.3932014,341.1822948,254.132602,246.5014916,258.6210603,359.155661,341.5899118,277.1035993,396.3323572,475.2760286,274.8809114,302.376157,217.3572529,301.0295409,315.6653009,266.3875572,322.7713784,291.2299774,302.7875398,308.6025123,352.0735802,308.2325824,306.6368961,373.6405971,316.3351672,273.0081747,325.1488047,376.9728862,428.4005837,374.5740793,370.2409124,288.1096876,361.0779176,501.3037423,558.4108672
46,112.8074334,151.7438126,176.5672793,220.8693633,191.4170358,149.5530087,142.6369043,128.5458751,146.47807,158.8177438,151.9280473,208.5274581,237.167516,230.4579422,195.9912444,175.5223924,192.302711,209.3597833,166.5520885,165.635394,177.0956581,172.2835965,139.401554,135.6634826,132.5239147,198.8172455,175.7603277,160.9424893,132.7120994,162.3893562,199.6560396,174.5908355,193.0606507,133.992227,174.622984,186.6601484,250.8403034,281.0567898
47,335.1130943,375.6728796,479.4710876,432.1015613,403.8203622,319.6889162,303.9568343,373.1956168,459.826295,440.7940871,366.9875056,495.3143983,595.6446993,345.9343424,325.9070442,284.2034844,331.3905782,354.163488,410.6206644,425.7994712,379.5142149,396.81674,431.635089,474.7736957,464.6116966,405.9586218,479.194158,437.3332942,357.3224001,456.6551205,516.3825609,541.6457173,425.419229,500.3863933,372.7247393,469.8170132,607.0749875,635.5127141
48,172.6410851,246.4812758,314.8102551,300.7848939,261.9992787,221.8779047,240.4927722,244.8893564,300.9310215,287.0691023,219.905182,292.1267866,326.6714407,239.4998305,273.0667375,286.442993,280.9549431,281.9649523,239.3832776,257.0497883,268.7081925,280.621521,245.5078878,262.3797862,259.128156,254.5854501,292.2690718,271.9622772,251.8293035,286.0883631,321.1878286,349.0065144,325.9835452,304.9237585,281.5976832,290.0490447,439.5015342,495.6449643
49,131.8160597,157.6427392,178.8482979,178.0063243,163.6961922,143.4576423,155.0443182,142.6866651,153.8315045,163.728628,149.2541228,171.1476303,211.2736221,174.8537509,192.7601197,165.5792889,176.6815922,174.3662435,154.0073927,149.3113503,180.8537598,164.1195024,145.7331996,133.682565,145.0071805,161.6906526,167.4055017,160.8822029,144.8325543,166.3295583,202.9780665,178.6050846,187.0399429,153.5104491,171.6913855,186.4692065,242.5961644,291.5404349
55,1170.271117,1391.877715,1505.382962,1292.180475,1339.085407,1101.850146,1208.72949,1238.752711,1620.982807,1371.139438,1156.306871,1679.120232,1510.921534,1239.561709,1122.99688,1546.130309,1294.7204,1031.140312,1166.706314,1432.674022,1275.208442,1327.032161,1369.346264,1425.577123,1311.598405,1346.014181,1421.396123,1384.519552,989.7322612,1438.772054,1392.475041,1331.004908,1286.732837,1455.569499,1364.10462,1504.540424,1480.228351,2076.559954
52,202.3670011,285.3878482,382.6185515,308.3159402,297.9967506,229.2816406,267.0305288,320.0920514,363.0675676,341.50511,259.355147,271.2585395,396.1766338,255.2403592,332.7232941,311.8122968,302.0225096,340.2314208,263.973174,253.1337237,295.8677107,305.0445588,275.1612024,246.4040233,250.7970268,253.0530792,276.0286189,290.9726967,301.8150622,292.7390184,361.9550803,394.7309399,373.0497304,331.313992,309.5414288,325.266362,481.7622097,546.6864565
51,315.0717586,483.8307125,569.8287477,528.8592294,459.3800118,419.5976657,536.7260642,507.6756888,612.8847035,524.9249644,415.0104822,596.7776443,555.0112229,439.2895409,383.2453962,416.743136,488.5760197,393.9632074,448.3666467,578.4896666,556.7297347,565.9547818,549.6005935,607.1945876,642.9325472,613.1720311,692.5548638,595.3878166,490.6291702,676.7471413,672.4787686,668.50808,605.7652522,676.3649641,544.1067801,613.6559603,732.880992,827.7435821
54,419.3688522,584.3798607,654.5457517,621.964776,548.2057234,461.3498771,549.3996383,562.9512164,755.2268058,611.2458745,485.4993765,784.2251468,634.6049046,544.2677722,519.6483721,681.8789389,585.0192054,453.3350804,534.5664459,683.9310249,616.7459583,686.262345,652.0620884,715.9388827,671.6774602,635.7798949,771.1456399,661.8915279,521.6855649,688.6135198,682.3377131,743.39009,666.750901,791.8616741,660.1317449,646.574771,826.2379274,1032.385048
50,169.9129938,180.4812637,197.0451785,214.1116927,184.1111145,186.3396869,210.446208,181.5902701,202.2330692,192.4309071,183.0205979,189.8883104,209.0090178,198.2837934,186.8914446,200.3341588,200.0585891,190.8429261,188.574616,186.7998901,208.6615628,199.3165274,195.3071837,176.3969513,189.6450522,206.4577954,214.7158183,207.6115251,188.709383,183.4971046,223.5179795,183.2076379,183.8738434,179.6974787,198.684977,206.7378846,232.2192667,246.0763243
57,177.9357243,235.0045304,301.4933687,268.9079709,215.4519031,198.2325229,205.9414181,276.9752937,288.3068476,275.1132335,217.776091,271.0656458,374.0709029,223.6885091,266.105697,249.366365,256.1346305,251.4878302,222.4458452,232.329715,287.8826193,292.3959234,255.092921,254.4914884,261.2760211,225.8784603,269.5473657,287.2003322,269.8022196,280.800218,330.305201,387.0624599,334.7639505,320.3044259,299.7742749,316.8896207,484.3434037,575.3215648
64,819.5660832,1087.014366,1163.135174,1050.481936,899.2701851,858.624434,944.6155442,1112.970005,1293.336746,1118.810457,1033.341006,1340.181774,1473.017454,802.0810959,819.2207502,1108.638182,1077.13162,962.5220251,1042.229209,1161.034664,1113.413798,1159.043918,1165.662119,1167.603416,1126.862904,1150.008631,1241.340044,1239.878678,900.9850539,1319.637916,1249.249553,1318.725129,1211.029453,1371.673907,1363.654302,1485.639407,1534.604046,1968.440894
53,125.8548525,137.6861593,149.7999089,156.6692774,145.5742736,128.1623763,129.8571842,136.281551,153.3617918,159.5169419,134.5245844,174.8670866,195.594155,190.4006851,182.4637757,163.1465257,172.2436636,164.528901,143.1086885,175.8832972,189.6923272,170.0069181,162.5151565,138.9003191,157.4262206,170.0422906,182.0322774,177.7931899,157.653039,178.3366939,229.9819013,181.8672402,188.0784086,171.9098669,187.1083396,179.4195206,238.6510488,284.6784893
58,129.7563587,129.0392117,134.0971776,142.1274023,131.6285629,133.2657382,160.3584425,132.3843429,129.8286993,128.1056102,127.5427035,134.2553145,130.6092969,128.5176126,133.9075734,131.9084336,133.9759119,135.5605036,135.8103795,133.4193242,137.3686495,131.569629,140.1244806,135.6402736,139.5089404,142.7158945,141.8861707,151.0245582,138.1786208,139.1240211,139.6797626,137.5440759,140.9691942,143.0258593,143.0648579,144.4447569,152.9398041,151.0277901
61,165.9128702,219.8342547,304.6616829,244.8333841,243.9191767,188.8974929,204.5708388,223.4288304,229.4317378,225.5380723,191.3712961,232.6644883,309.201076,231.9247539,268.3009566,218.0560121,252.0399563,231.5922945,200.7077141,187.4289668,258.0716176,221.2283647,209.7423141,173.3483591,197.3358116,173.2412622,200.3434916,244.8050486,211.031883,193.2394382,259.2198558,274.4398209,249.8224388,205.0465219,214.0197251,239.4036744,390.6688545,414.522075
56,201.4777537,202.4025756,237.6119087,270.6467198,237.4546395,227.1039419,243.6750328,232.6228493,264.8732274,254.2777618,219.9621149,256.9059436,294.337401,278.6294403,254.6255171,269.5103809,275.473471,268.8853046,249.3077861,288.0496372,303.9154276,272.9169256,289.9081479,250.0030478,273.587294,265.2601521,294.0040916,295.2760565,274.6098546,253.7362116,297.8771609,246.8064919,269.8549104,269.4442216,289.5683701,278.6114212,322.6799968,330.6387251
60,114.4637949,107.0962068,117.9927223,155.3471095,132.8664437,124.3927725,138.7033239,117.4361599,125.5074642,123.5335331,114.046265,128.3673603,153.9793205,142.7414457,139.2421318,148.2450288,159.5764778,160.7280189,146.5857929,148.2026491,185.5530101,159.6830634,193.7859798,168.0003416,196.7566146,189.1702155,207.971905,236.0493559,195.9314492,181.6198894,197.8416291,172.9010748,178.9163368,191.3719177,191.2047926,186.4035618,211.6624617,244.8467505
75,428.1448712,630.2534948,858.0348534,771.1455396,575.3605765,499.0190506,545.8386535,704.4695968,871.3905955,788.5083832,581.8584874,896.2452912,961.6655722,412.2750429,567.2332375,795.0398431,777.7511655,648.0021099,517.7662774,746.7799903,899.4474164,888.4033716,825.5063704,788.1871918,837.5202454,824.1781856,1014.184752,851.8947084,741.1293992,991.9254869,1021.510355,1020.788596,898.3966406,1146.768388,951.0689407,1029.875957,1131.309434,1722.298596
122,387.2011075,370.2913509,466.947783,453.3584677,384.5499759,320.9892077,380.616385,385.7284363,446.0105177,512.5933694,367.3674288,427.0303403,488.1798096,406.2508869,380.4692185,452.2232536,495.0337879,412.2087567,438.5669048,339.0935649,451.9455017,541.7816769,474.0728759,411.7195186,394.3388996,324.3501974,465.0393691,419.2377969,381.2135565,391.4364813,451.8252342,488.0053755,379.2396332,382.1960991,522.7231147,422.8521056,482.3885386,565.2544908
129,230.5947917,230.4244135,312.1940717,275.9352596,222.3299166,214.1493789,323.8717863,250.3430098,340.6051461,314.8577591,243.8956187,304.5805595,393.5551679,298.7284514,289.9748954,359.1827295,385.8638701,310.7128735,354.7160901,254.8631873,392.4731308,437.6240211,379.5352977,349.7853874,369.0644019,322.7573949,411.4863823,402.3963897,318.7375989,282.6601225,378.20051,436.3622622,354.101742,350.74799,424.2302945,376.0838985,429.8832704,478.9282948
142,460.6082568,451.9362804,633.3834143,478.0265688,466.2731421,478.190311,383.9840532,589.6013597,662.8932515,560.3242471,451.9843824,551.1180537,590.5041556,450.3554597,411.4939577,575.9328646,677.3165293,479.191929,494.3912524,637.7727132,618.7959966,629.5359175,739.188378,609.0247061,767.7171986,646.3282534,706.1636254,749.1849384,653.0279349,600.9187097,802.2338211,800.6685199,735.2734873,734.181024,763.8307926,779.1181954,762.4371144,702.5843293
133,414.1654825,359.9292829,473.4413493,429.6070729,341.1126568,320.3189458,412.0556123,419.9404816,493.9698796,520.5819856,358.8853118,428.1715678,522.1646691,446.0471892,389.6268906,454.7945437,498.5409488,418.3959719,447.5113764,354.3872709,523.8010443,616.8473785,506.2617136,476.9832972,465.8226269,373.8983967,515.8096242,480.9885189,434.1219496,371.2665258,452.4034101,565.5987572,432.4865984,464.8570053,571.3032369,517.0695931,522.7392321,624.7573383
134,294.6635572,286.0683414,346.4225188,289.691656,262.7519773,251.8115852,361.7941444,364.5837589,395.4040451,379.7365863,290.412932,338.0733741,439.386717,318.1361565,311.5611715,408.9239822,405.2969425,328.843209,355.8105481,288.2503286,392.9498701,442.7650069,370.9362543,365.1719039,372.7171728,342.4522334,413.4135982,417.6415108,374.4666357,346.3543774,400.6046365,453.6149722,365.3503651,379.1469058,432.3590726,423.8812355,471.4328473,547.5233285
138,625.4005723,560.7063018,778.7290607,694.804079,598.3452677,604.567338,557.2961929,848.7523982,931.2795696,755.141312,578.2206038,703.8391487,778.9355619,601.9844071,515.6805704,779.7739506,862.8873022,616.7523805,602.8869843,818.2952121,858.5231947,899.038456,1026.514889,855.8218481,1006.096258,889.6446314,986.6877052,1089.547072,847.120504,846.1547403,1096.033794,1079.876418,1047.752349,955.4400047,1030.709323,1034.407302,1150.571732,1051.764855
144,480.625718,627.4628739,758.8231224,558.7234074,555.2448506,596.9781455,465.0826485,588.8292399,723.1970053,698.5325687,564.2348283,564.5814379,677.7101786,520.3813559,531.6032846,602.7698366,605.5766117,576.903266,546.3489466,651.4365306,634.5498432,573.3111217,677.4356769,644.2342583,669.9904558,657.0654121,609.8100782,690.2925542,634.3110349,607.5996796,736.1098234,657.9358927,629.1169133,688.4529566,678.7302132,689.8441063,695.4780523,613.8302836
136,778.9453495,586.1851492,871.6908855,806.1342744,743.872846,681.6477004,619.2794128,875.264196,976.0463637,771.7084597,560.0343981,720.6681891,742.4071523,714.9522664,604.4456162,797.0171337,801.5917452,620.2887972,651.9301695,803.9454235,849.8606899,894.8489629,995.6655724,835.9397622,968.2182353,814.6136408,932.2661144,1145.765109,852.9448914,845.0359365,1082.975993,985.9087547,1031.460387,947.8728527,906.8696493,922.7073004,1103.31345,1104.98777
139,358.5493823,364.362625,444.5106525,439.5103782,408.9583458,385.1907846,397.4820711,411.5408023,483.900364,375.9253005,295.3201302,418.9900288,462.0571682,343.6378241,367.275713,364.2364658,405.0844878,351.7796144,311.0773171,372.6943026,451.3909826,411.7039979,452.162308,413.2753552,397.0287254,383.377608,469.3715634,597.1476354,451.8327028,454.4049387,542.0752668,510.1239132,549.462765,438.6676855,447.022981,408.4153351,497.0749675,499.3166054
146,372.010231,315.0621201,447.9898959,398.9154214,336.1424383,365.864479,345.5230288,435.2267332,550.998379,430.8891144,336.7589015,464.7355688,539.3165303,390.8729952,376.9861434,413.0755118,510.3644875,416.2714885,361.2331948,546.4509992,580.1734438,571.9540154,590.7242492,539.2045035,615.0299789,536.1914251,575.4770192,667.6521091,553.4428194,531.9978281,695.307282,690.0471656,644.5774427,603.1890806,618.3045573,647.8247381,645.440821,654.8381939
145,354.9059785,471.2311886,668.5297279,483.0697953,407.2270508,443.4783457,384.7649327,521.7979105,644.3811306,624.6448965,437.6845181,582.2015304,560.4400183,468.106752,488.9919589,579.7927959,576.5100317,453.4862153,454.4350246,594.992516,659.3295506,566.1264355,687.0922863,600.8307383,690.9987106,662.7290585,624.2217617,711.2746915,638.3569321,617.0003059,855.6766259,720.4424668,619.5972224,759.2852301,774.8492553,745.86728,788.214171,681.1465251
149,491.6761684,451.6234232,615.552117,601.2920844,442.5746993,518.9702017,466.7471075,615.5956246,747.9648291,568.3580368,428.0268731,542.5021466,716.6840452,554.4662958,485.6317332,575.1364903,650.9015445,464.3286848,468.1660184,648.8389731,718.1354389,739.7064188,767.2231321,708.8640308,788.9575161,688.8200973,703.7823173,969.2217709,709.2365657,749.7355046,874.1253785,818.0675016,798.3209988,782.1892354,780.4915342,807.7456996,984.1697982,1092.370846
152,532.0904423,599.6888694,695.0708376,556.9697258,604.1343824,610.9934572,441.7896927,523.5819839,722.0681408,749.0103371,599.7259509,485.0216766,731.7321857,597.7646066,522.5338011,653.4961979,602.5145597,620.9094735,548.0158525,756.2184332,787.5072189,639.5430813,744.2557842,740.2753727,712.0040638,757.0613043,744.5210897,767.9514838,688.3001547,710.8015529,778.7306595,815.3850475,742.4771531,767.1987506,723.2526344,745.1028973,668.0131609,632.2968303
153,462.1372251,462.6394209,576.2885858,554.3461875,430.9942703,467.2858609,485.0441877,598.6558488,721.4036637,602.2351988,384.3634624,512.7363316,675.8166386,499.6257364,445.4812487,507.4644642,514.4931395,401.8434543,466.7416844,621.2000451,653.1250929,702.5409211,754.3518291,662.6462254,763.9774638,674.8661402,614.5505984,973.8982555,718.0032122,639.0240871,784.8714766,804.7305128,708.6068473,690.3229403,663.7889124,700.5666429,866.9702013,880.9762355
151,449.9937827,408.1811768,567.7177904,574.8980927,475.3646783,478.6191308,421.3044409,616.6302482,702.9360456,555.9880566,498.2235962,649.6436723,804.5166784,498.1284422,390.6852535,660.6204885,702.3782755,582.7410475,504.1229693,803.395828,793.0703691,792.9314949,863.8686421,821.6549691,956.3027397,829.5966134,816.7188924,1027.542434,748.8480968,740.6667922,953.2529834,903.3966115,828.7702116,807.1235935,901.0690156,893.3478019,969.6413598,1104.17772
