GA_ID,1980,1981,1982,1983,1984,1985,1986,1987,1988,1989,1990,1991,1992,1993,1994,1995,1996,1997,1998,1999,2000,2001,2002,2003,2004,2005,2006,2007,2008,2009,2010,2011,2012,2013,2014,2015,2016,2017,2018,2019,2020
73,392.2208536,402.0535573,411.8863171,421.7190723,431.5518316,441.3845632,451.217307,461.0500848,470.8828147,480.7155903,481.0416683,484.3421145,487.6425001,490.9429176,504.6030216,518.263073,531.9232142,545.5833167,559.2433459,572.9034093,586.5634721,600.2236293,613.8835933,627.5437135,641.2038278,654.8639086,668.5238995,682.1840116,695.844077,709.504235,723.1642365,736.8244382,750.4844588,764.1445278,777.8046743,791.4646837,805.1247785,818.7848231,832.4449593,846.1050286,859.7651114
79,1140.05031,1172.397991,1204.745526,1237.09306,1269.440645,1301.788184,1334.135588,1366.48305,1398.830524,1431.178826,1431.854461,1441.907957,1451.962176,1462.016568,1496.117041,1530.217071,1564.316769,1598.416723,1632.516599,1666.61723,1700.71716,1734.816779,1768.9168,1803.0166,1837.117345,1871.217302,1905.317188,1939.417655,1973.517581,2007.617389,2041.7174,2075.817099,2109.917802,2144.016898,2178.117586,2212.217496,2246.317266,2280.417031,2314.517905,2348.617698,2382.717596
80,842.1511242,866.3146537,890.478226,914.6417817,938.8053227,962.9689212,987.1324304,1011.296008,1035.459553,1059.623154,1060.152716,1067.583746,1075.014826,1082.445913,1109.038614,1135.631214,1162.22391,1188.816691,1215.409246,1242.002008,1268.59478,1295.187541,1321.779949,1348.372894,1374.965367,1401.558066,1428.150986,1454.743619,1481.336228,1507.929287,1534.5215,1561.114374,1587.706987,1614.299539,1640.892358,1667.485089,1694.077946,1720.670223,1747.263273,1773.855805,1800.448615
71,243.3733432,249.1880098,255.0026961,260.8173496,266.6320454,272.4467223,278.2613967,284.0760945,289.8907602,295.7054529,295.8990355,297.8485942,299.7981013,301.7476542,310.3737926,318.999884,327.6260147,336.2521429,344.8782634,353.5044009,362.1304927,370.7566444,379.382728,388.0088614,396.6349928,405.2611101,413.8872101,422.5133163,431.1394174,439.7655802,448.391686,457.0178243,465.6439409,474.2700638,482.8961564,491.5223147,500.1483943,508.774505,517.4006671,526.0267774,534.652864
81,580.3077835,594.7524305,609.1969836,623.6415821,638.0861748,652.5307892,666.975355,681.4199652,695.864564,710.3092053,710.7586914,715.7115967,720.6644989,725.6174111,745.0528033,764.4881793,783.9236185,803.3590247,822.7943768,842.2297624,861.6651571,881.1005824,900.5359512,919.9713917,939.406805,958.8421161,978.2776142,997.712971,1017.148329,1036.583758,1056.019155,1075.454544,1094.889923,1114.325268,1133.760708,1153.196157,1172.631402,1192.067086,1211.502418,1230.937772,1250.373076
78,1050.602485,1080.580738,1110.558957,1140.537152,1170.515314,1200.493571,1230.471818,1260.449966,1290.428081,1320.406398,1321.039771,1330.309336,1339.578576,1348.848246,1380.499943,1412.15174,1443.803235,1475.455166,1507.106627,1538.758385,1570.410355,1602.06163,1633.713639,1665.365502,1697.01732,1728.669171,1760.320982,1791.972153,1823.624277,1855.275923,1886.927557,1918.579253,1950.230895,1981.882628,2013.534305,2045.185959,2076.837708,2108.489285,2140.141093,2171.792728,2203.444335
88,961.7386659,989.1427783,1016.546937,1043.951104,1071.355305,1098.759492,1126.163659,1153.567856,1180.972079,1208.376063,1208.974781,1217.470805,1225.966801,1234.462964,1264.282718,1294.102493,1323.92194,1353.742046,1383.561635,1413.381351,1443.201298,1473.021073,1502.840574,1532.660476,1562.480135,1592.299889,1622.120033,1651.939681,1681.759131,1711.579488,1741.398518,1771.218501,1801.038163,1830.857978,1860.678031,1890.497724,1920.317565,1950.137125,1979.956829,2009.776485,2039.59646
77,292.3982912,299.8269863,307.2556953,314.6843774,322.1130872,329.5417947,336.9705179,344.3992382,351.8279361,359.2566523,359.4928223,361.9069291,364.3210022,366.735089,377.2289556,387.7228196,398.216667,408.7105756,419.2044235,429.698311,440.19215,450.6860614,461.1798664,471.6737701,482.1676609,492.6615302,503.1553372,513.6492018,524.1430442,534.6369571,545.130827,555.6247124,566.1185815,576.6124436,587.1062895,597.6001895,608.0940185,618.5878738,629.0817413,639.5756139,650.0694599
85,217.7831982,222.8312092,227.87922,232.927177,237.9751905,243.0231903,248.0711751,253.1191881,258.1671607,263.2151988,263.3899896,265.1085305,266.8270215,268.5455746,276.6486309,284.7516333,292.8547027,300.9577253,309.0607847,317.163839,325.2668687,333.3699116,341.4729447,349.57598,357.6790169,365.7820524,373.8851006,381.988113,390.0911278,398.1942207,406.2972429,414.4003022,422.5033451,430.6063709,438.7094386,446.8124199,454.9154711,463.0185021,471.1215716,479.2245775,487.3276503
72,201.1796461,205.741204,210.3027689,214.8642877,219.4258562,223.9874083,228.5489453,233.1105298,237.6720682,242.2336228,242.3955894,243.9522907,245.5089735,247.0656801,254.334423,261.6031838,268.8719305,276.1406507,283.4093792,290.6781469,297.9468699,305.2156536,312.4843927,319.7531364,327.0218892,334.290629,341.5593368,348.8281034,356.0968265,363.3655984,370.6343419,377.9030933,385.1718437,392.4405805,399.7093519,406.9780914,414.2468231,421.5155691,428.7843118,436.0530388,443.3217595
82,318.6504648,326.9995545,335.348657,343.6977214,352.0468085,360.3959041,368.745004,377.094092,385.4431978,393.7922851,394.0488912,396.7145915,399.3802784,402.0460346,413.5217043,424.997366,436.4729772,447.9486501,459.4242974,470.899952,482.3755897,493.8512573,505.3269114,516.8025797,528.2782239,539.7539286,551.2294668,562.7051567,574.1807577,585.65645,597.1321612,608.607797,620.0834609,631.5590772,643.0347299,654.5103588,665.9860424,677.4616818,688.9373115,700.4130088,711.8886006
87,557.0451809,571.1103338,585.1753486,599.2404721,613.3055777,627.3706633,641.435742,655.5008168,669.5659042,683.6310328,684.0568878,688.8180342,693.5792914,698.3404557,717.1923127,736.0442354,754.8960609,773.7479841,792.5998975,811.4518724,830.3036398,849.1555151,868.0074003,886.8592511,905.7112069,924.563103,943.4151303,962.266861,981.1187865,999.9706922,1018.822569,1037.674475,1056.526262,1075.378228,1094.230105,1113.082013,1131.933875,1150.785832,1169.637643,1188.489449,1207.341382
89,234.512875,240.246882,245.9809002,251.7149172,257.4489528,263.1829844,268.9170115,274.6510406,280.3850441,286.1190906,286.2988031,288.1901227,290.0813864,291.9727388,300.7326614,309.4925696,318.2525367,327.0124409,335.7724053,344.5323274,353.2922609,362.0522194,370.8121467,379.5720813,388.332015,397.0919355,405.8518649,414.6118324,423.3717406,432.1316849,440.8915682,449.6515694,458.4114945,467.1714581,475.9313757,484.6913326,493.4512595,502.211167,510.9710868,519.7310532,528.4910061
90,532.0313807,545.6592161,559.2870201,572.9148191,586.5426881,600.1704697,613.7982806,627.4261102,641.0539029,654.6817443,655.0917171,659.6424479,664.1931013,668.743864,686.9506328,705.1573461,723.3641555,741.5708377,759.7775564,777.9843835,796.1910231,814.3977975,832.6045623,850.8112468,869.0180194,887.2248165,905.4315477,923.6382131,941.8450331,960.0517538,978.2585609,996.4653177,1014.67196,1032.878736,1051.08549,1069.292206,1087.498998,1105.705764,1123.912438,1142.119146,1160.325865
84,414.6857588,425.4219704,436.1581616,446.8943569,457.6305385,468.3667507,479.1029028,489.8390884,500.5753272,511.3114999,511.6424565,515.158865,518.6751716,522.1915373,536.6660163,551.1403792,565.6148428,580.0892408,594.563673,609.0381053,623.5125085,637.9868858,652.461323,666.9356817,681.4102066,695.8845454,710.3589983,724.8333908,739.307812,753.7822311,768.2566322,782.7310596,797.2054629,811.6798853,826.1542882,840.6286916,855.1031691,869.5775181,884.0519409,898.5263498,913.000789
93,1290.148701,1326.098793,1362.049119,1397.999232,1433.949461,1469.899821,1505.850093,1541.800289,1577.750584,1613.70081,1614.500978,1625.884409,1637.267612,1648.650854,1685.951019,1723.251365,1760.551272,1797.851449,1835.151616,1872.452016,1909.751928,1947.052351,1984.352284,2021.65274,2058.952628,2096.253081,2133.553334,2170.853205,2208.15361,2245.453801,2282.754182,2320.054218,2357.354215,2394.654334,2431.954937,2469.255173,2506.554892,2543.855322,2581.155473,2618.455157,2655.755515
83,714.4969619,732.6569681,750.8170118,768.9769424,787.1369547,805.2969914,823.4569479,841.6169594,859.7769674,877.9369544,878.3886865,884.5359374,890.6830818,896.8303541,920.1402735,943.4501597,966.7599575,990.0698434,1013.379736,1036.689609,1059.999491,1083.309359,1106.619272,1129.929089,1153.239012,1176.549015,1199.858846,1223.168673,1246.478629,1269.78847,1293.098313,1316.408218,1339.718155,1363.028022,1386.337838,1409.647582,1432.957332,1456.267815,1479.577688,1502.887404,1526.197191
97,153.6362972,156.9965918,160.356866,163.7171299,167.077427,170.4377053,173.79798,177.158275,180.5185539,183.8788334,183.9984426,185.1599125,186.3213435,187.4827761,193.6174891,199.7521681,205.8868257,212.0215495,218.1562134,224.2909411,230.4256032,236.5602916,242.694993,248.8296715,254.9643593,261.0990161,267.2337261,273.3684069,279.5031055,285.6378031,291.7724824,297.9071716,304.0418696,310.1765551,316.3112437,322.4459022,328.5806053,334.7153005,340.8500198,346.9846697,353.1193836
95,1073.183987,1102.907989,1132.632034,1162.356122,1192.080187,1221.8043,1251.528389,1281.252398,1310.976685,1340.700412,1341.385544,1350.829677,1360.273828,1369.717891,1402.256164,1434.794246,1467.332136,1499.870663,1532.408859,1564.946717,1597.484946,1630.022976,1662.561322,1695.099307,1727.637693,1760.175709,1792.714111,1825.252509,1857.790017,1890.328634,1922.866316,1955.404793,1987.942746,2020.481128,2053.019547,2085.557529,2118.095644,2150.633648,2183.171783,2215.709753,2248.248353
94,872.4126436,894.6340762,916.8555234,939.0769391,961.2983835,983.5197654,1005.741248,1027.962682,1050.18404,1072.405524,1072.990604,1080.527141,1088.063824,1095.60037,1123.176139,1150.751778,1178.327495,1205.90316,1233.478923,1261.054682,1288.630346,1316.206075,1343.781581,1371.357413,1398.933326,1426.508765,1454.084705,1481.660587,1509.236013,1536.811577,1564.387426,1591.96284,1619.53873,1647.114235,1674.690108,1702.265936,1729.841413,1757.417301,1784.99316,1812.569051,1840.144432
92,625.6934449,641.5316567,657.3697799,673.2079461,689.0461271,704.8842944,720.7224423,736.5606286,752.3987785,768.2370023,768.6653207,774.0358043,779.4062073,784.7766608,805.997128,827.2176314,848.4381219,869.6586486,890.8791695,912.0996541,933.3201124,954.5406455,975.7611024,996.9816269,1018.202014,1039.422579,1060.64315,1081.863556,1103.08406,1124.304556,1145.525051,1166.745577,1187.966074,1209.186502,1230.407083,1251.627504,1272.848047,1294.068544,1315.289057,1336.509484,1357.729724
98,398.7837552,409.4359368,420.0881217,430.7402362,441.3924169,452.044576,462.6967968,473.3489497,484.0011026,494.6532721,494.9544954,498.3508356,501.747217,505.1435557,519.271648,533.3997437,547.5278409,561.6559441,575.7840859,589.9121116,604.0402301,618.168318,632.2964185,646.4244703,660.5525695,674.6806875,688.8087779,702.936831,717.0649601,731.1930197,745.3211495,759.449204,773.5772854,787.705397,801.8334375,815.9615487,830.0896548,844.2177943,858.3458439,872.4739357,886.6020283
99,681.6750811,699.0170212,716.3589387,733.7008101,751.0427651,768.3846597,785.7265856,803.0684936,820.4104531,837.7523617,838.1675313,844.0421915,849.9168866,855.7915806,879.2436889,902.6958502,926.1479297,949.5999826,973.0521079,996.5042584,1019.956409,1043.408449,1066.860602,1090.312706,1113.764757,1137.216879,1160.669004,1184.121131,1207.573275,1231.025311,1254.477555,1277.929601,1301.381728,1324.833833,1348.285896,1371.737978,1395.19006,1418.642291,1442.09416,1465.54664,1488.998482
101,1078.942494,1108.675453,1138.408449,1168.141457,1197.874487,1227.607409,1257.340453,1287.073385,1316.806516,1346.539506,1347.242607,1356.733251,1366.223746,1375.714059,1408.482311,1441.249674,1474.018075,1506.785503,1539.55377,1572.321338,1605.088883,1637.856745,1670.624679,1703.392513,1736.160416,1768.928386,1801.696277,1834.4642,1867.231826,1899.999632,1932.767411,1965.535368,1998.303245,2031.071195,2063.839015,2096.606912,2129.374462,2162.142456,2194.91041,2227.678252,2260.446125
100,164.7913287,168.5666322,172.3418912,176.1171989,179.8924965,183.6677973,187.4430968,191.218395,194.9936865,198.7690125,198.8922755,200.1639156,201.4355425,202.7072062,209.2489336,215.7906039,222.3323048,228.8739905,235.4157015,241.9573808,248.4990401,255.0407562,261.5824609,268.1241524,274.6658426,281.2075084,287.749226,294.2909161,300.8326366,307.3742921,313.9159828,320.4576908,326.9993914,333.5410962,340.0827616,346.6244778,353.1661648,359.707868,366.2495786,372.7912285,379.3329493
91,745.0642256,764.0266392,782.9890305,801.9513273,820.9137318,839.8760613,858.8384588,877.8008502,896.7631941,915.7255997,916.1825312,922.6035676,929.0245104,935.445678,959.9654138,984.4852454,1009.004902,1033.524758,1058.044474,1082.564265,1107.084062,1131.603782,1156.123675,1180.643399,1205.163171,1229.683054,1254.202854,1278.722486,1303.242557,1327.762321,1352.281815,1376.801578,1401.321625,1425.841347,1450.361031,1474.880544,1499.400594,1523.920464,1548.44015,1572.960054,1597.479711
107,714.5723198,733.7490721,752.9257941,772.1024988,791.2792596,810.4559663,829.6326809,848.8094001,867.9861302,887.1628779,887.6042158,893.8339677,900.0636997,906.2934658,930.8616509,955.4298717,979.998123,1004.566254,1029.134483,1053.702568,1078.2709,1102.839057,1127.407334,1151.975488,1176.543526,1201.111854,1225.680043,1250.248303,1274.816432,1299.384565,1323.952906,1348.52106,1373.089109,1397.657451,1422.225582,1446.793697,1471.362079,1495.930043,1520.498359,1545.06641,1569.634673
106,964.0630747,991.2121189,1018.361118,1045.510196,1072.659264,1099.808349,1126.95738,1154.106392,1181.255489,1208.404547,1209.030601,1217.542736,1226.054552,1234.566529,1265.032629,1295.498712,1325.964757,1356.430814,1386.896628,1417.362893,1447.828992,1478.295016,1508.76126,1539.226967,1569.69322,1600.159283,1630.62527,1661.091529,1691.557574,1722.023449,1752.489524,1782.955693,1813.42181,1843.887718,1874.353805,1904.820055,1935.286017,1965.752088,1996.218049,2026.684022,2057.150332
104,263.6739815,270.4923776,277.3107447,284.1291307,290.9475076,297.7658562,304.5842288,311.402636,318.2210157,325.039404,325.2436764,327.4211486,329.5986534,331.7761191,341.5711368,351.3660688,361.1611188,370.9561232,380.7511012,390.5460819,400.3410628,410.1360669,419.9310354,429.7260258,439.5209883,449.316043,459.1110217,468.9059888,478.7009667,488.4959582,498.2909935,508.0859787,517.8809368,527.67599,537.4709085,547.2659204,557.0609393,566.8559187,576.6508968,586.4458888,596.2408639
102,534.4532104,548.4168247,562.380471,576.344041,590.3076368,604.2712146,618.2348322,632.1984058,646.1620395,660.1256281,660.4960306,665.0861796,669.6762236,674.2663758,692.8112698,711.3562255,729.9011266,748.446077,766.9910217,785.5359046,804.0808366,822.6257726,841.1707177,859.7156147,878.2605477,896.8055076,915.3504374,933.8953038,952.4403647,970.9852074,989.5301332,1008.075134,1026.619995,1045.164928,1063.709843,1082.254805,1100.799712,1119.344658,1137.889599,1156.434445,1174.979461
96,1366.965394,1403.918707,1440.872255,1477.825885,1514.779234,1551.732891,1588.686487,1625.639828,1662.593242,1699.546747,1700.400652,1712.396131,1724.39136,1736.386835,1775.233678,1814.080745,1852.927458,1891.774532,1930.621572,1969.468802,2008.315452,2047.162479,2086.009292,2124.856424,2163.703217,2202.550284,2241.397385,2280.244122,2319.09127,2357.938218,2396.784962,2435.632065,2474.47895,2513.325742,2552.172685,2591.019666,2629.866274,2668.713587,2707.560605,2746.407395,2785.254158
105,1240.441809,1276.459537,1312.477479,1348.495209,1384.513143,1420.530846,1456.548573,1492.566514,1528.584174,1564.602114,1565.379835,1576.423607,1587.466984,1598.510252,1635.127517,1671.744034,1708.361291,1744.977815,1781.594839,1818.211467,1854.828392,1891.444898,1928.062014,1964.678741,2001.295387,2037.912521,2074.528946,2111.146089,2147.7628,2184.379624,2220.99639,2257.613261,2294.230077,2330.846596,2367.463748,2404.080868,2440.696911,2477.314183,2513.930964,2550.547785,2587.164806
109,516.9417416,530.9587273,544.9756667,558.9926203,573.0095427,587.0265303,601.0434432,615.0603786,629.0773732,643.0942899,643.4517639,647.9150106,652.3782451,656.8414339,674.9013115,692.9610904,711.0209838,729.0807288,747.1405033,765.2003595,783.2601423,801.3198816,819.3798078,837.4395364,855.4994033,873.5591274,891.6190403,909.6788149,927.7386682,945.7985299,963.8581723,981.9180582,999.9778429,1018.037686,1036.097442,1054.157266,1072.217034,1090.276831,1108.336625,1126.396484,1144.456227
103,626.1100533,642.2472622,658.3844416,674.5216263,690.6588269,706.7960102,722.9332347,739.0704151,755.2076106,771.3448283,771.7404949,777.1364089,782.532229,787.9281156,809.6307202,831.33341,853.0360017,874.7386938,896.4413399,918.1439932,939.8466119,961.5492261,983.2518925,1004.954536,1026.657124,1048.359834,1070.062492,1091.765089,1113.467779,1135.170346,1156.872994,1178.575706,1200.278296,1221.981017,1243.683498,1265.386118,1287.088946,1308.791535,1330.494248,1352.196948,1373.899266
113,434.6198795,446.5867583,458.5535539,470.5204615,482.4872992,494.4541509,506.4210317,518.3878557,530.3547284,542.3216006,542.6426159,546.3774167,550.1122255,553.847004,569.3044675,584.7618485,600.2192837,615.6766722,631.1340665,646.5914552,662.0488584,677.5063245,692.9636435,708.4211025,723.8785326,739.3359357,754.7933475,770.2507238,785.7081286,801.1655313,816.6229322,832.0803243,847.5377376,862.9951276,878.4525139,893.9099161,909.3673072,924.8247907,940.2821875,955.7395783,971.196926
119,1175.062263,1209.736545,1244.410799,1279.08522,1313.75955,1348.433965,1383.108221,1417.782572,1452.456831,1487.131136,1487.874841,1498.37745,1508.879564,1519.381837,1555.394917,1591.40827,1627.421346,1663.434558,1699.447765,1735.461151,1771.474061,1807.487471,1843.500751,1879.513847,1915.527078,1951.540379,1987.55334,2023.566568,2059.580069,2095.593216,2131.606279,2167.619446,2203.632669,2239.645808,2275.65899,2311.672475,2347.68529,2383.698685,2419.711861,2455.725086,2491.738333
120,1503.282683,1542.737634,1582.192722,1621.647476,1661.102533,1700.557653,1740.012568,1779.467464,1818.922516,1858.377414,1859.307772,1872.456472,1885.605514,1898.754106,1940.89702,1983.040114,2025.182884,2067.325746,2109.468708,2151.611741,2193.754322,2235.897426,2278.040523,2320.182993,2362.326146,2404.468925,2446.61202,2488.754736,2530.897834,2573.040597,2615.183521,2657.326202,2699.469252,2741.611956,2783.755185,2825.898071,2868.040676,2910.183802,2952.326543,2994.469522,3036.612398
115,1020.753997,1050.772696,1080.791408,1110.810079,1140.828848,1170.847559,1200.866238,1230.884809,1260.90348,1290.922201,1291.564557,1300.669152,1309.773603,1318.878053,1351.271644,1383.665105,1416.058205,1448.451523,1480.845432,1513.238756,1545.632635,1578.026093,1610.419441,1642.813264,1675.206595,1707.600064,1739.993363,1772.386774,1804.780654,1837.173965,1869.567419,1901.96073,1934.35462,1966.748003,1999.140868,2031.535249,2063.928125,2096.321458,2128.715357,2161.108709,2193.502005
117,865.172788,889.5669924,913.9612703,938.3555323,962.7498223,987.1440299,1011.53833,1035.932567,1060.326804,1084.721081,1085.283642,1092.923304,1100.563021,1108.202638,1136.741197,1165.279757,1193.818337,1222.356851,1250.895384,1279.434023,1307.972764,1336.511312,1365.049785,1393.588558,1422.126993,1450.665304,1479.204319,1507.742745,1536.281392,1564.819972,1593.358752,1621.897042,1650.435542,1678.974394,1707.512687,1736.051322,1764.589984,1793.128266,1821.667298,1850.205677,1878.743971
108,647.9454643,664.8990773,681.8526581,698.8062585,715.7598221,732.7134545,749.6670684,766.6206292,783.5742281,800.5278339,800.930796,806.5418024,812.1528095,817.7638398,840.5370172,863.310325,886.0835246,908.856729,931.6300218,954.403186,977.1764451,999.9497194,1022.722869,1045.496108,1068.26936,1091.042606,1113.815861,1136.589048,1159.362299,1182.135528,1204.908764,1227.681893,1250.455219,1273.22831,1296.001675,1318.774747,1341.548169,1364.321336,1387.094696,1409.867984,1432.6413
112,705.4862872,724.3823058,743.2782257,762.1741569,781.0701284,799.9660846,818.862032,837.7580055,856.6539374,875.5498916,875.9947959,882.1420417,888.2892274,894.4363958,918.7827228,943.1290177,967.4752689,991.8215311,1016.167814,1040.514029,1064.860313,1089.206617,1113.552843,1137.899046,1162.245326,1186.591652,1210.937964,1235.284296,1259.630389,1283.976758,1308.323126,1332.669199,1357.015404,1381.361852,1405.70813,1430.054147,1454.400557,1478.746657,1503.092802,1527.439437,1551.785726
110,227.804228,233.2592504,238.714209,244.1692308,249.6242648,255.0793167,260.5343141,265.9893285,271.4443719,276.899404,277.0940418,278.9253369,280.7566865,282.587972,291.1781716,299.7683633,308.3585331,316.948662,325.5388187,334.1290242,342.7191279,351.3093207,359.8995177,368.4896499,377.0798415,385.6700575,394.2601422,402.8502943,411.4405406,420.0307114,428.6207785,437.2110382,445.8011839,454.3913315,462.9815058,471.5717395,480.1618733,488.7520348,497.3422025,505.9322692,514.522586
111,1329.493854,1367.938731,1406.383686,1444.828652,1483.27321,1521.718213,1560.162951,1598.608026,1637.052515,1675.497239,1676.3218,1688.159377,1699.997042,1711.834713,1750.549696,1789.264691,1827.979656,1866.694638,1905.409766,1944.124238,1982.839374,2021.554358,2060.269416,2098.984152,2137.699107,2176.414121,2215.129022,2253.844075,2292.559063,2331.27388,2369.98889,2408.703754,2447.418764,2486.133483,2524.848711,2563.563609,2602.278409,2640.993465,2679.708464,2718.423166,2757.138185
125,1431.020483,1471.704412,1512.388562,1553.07245,1593.75643,1634.440647,1675.124801,1715.808716,1756.492665,1797.176416,1798.058938,1810.77783,1823.49697,1836.215951,1878.060283,1919.904309,1961.748262,2003.592199,2045.436643,2087.28073,2129.124548,2170.968561,2212.812865,2254.656601,2296.501034,2338.344833,2380.189165,2422.033267,2463.877285,2505.721308,2547.565591,2589.409436,2631.253719,2673.097962,2714.941844,2756.786015,2798.630003,2840.473865,2882.318435,2924.16235,2966.006553
123,1449.900981,1489.371843,1528.843401,1568.314524,1607.785387,1647.256911,1686.728471,1726.199373,1765.670493,1805.141744,1806.042649,1818.812965,1831.583794,1844.354148,1885.899113,1927.443404,1968.987988,2010.532286,2052.076831,2093.62142,2135.165404,2176.710254,2218.254874,2259.798788,2301.343713,2342.887584,2384.432633,2425.976778,2467.521041,2509.065707,2550.610188,2592.154262,2633.699108,2675.243647,2716.787965,2758.332527,2799.876916,2841.42103,2882.965646,2924.510377,2966.054915
132,1369.516255,1409.572417,1449.62835,1489.684746,1529.740686,1569.796911,1609.853311,1649.909107,1689.965434,1730.021227,1730.890922,1743.140335,1755.389611,1767.638543,1808.950192,1850.261673,1891.573592,1932.884929,1974.196734,2015.508666,2056.819967,2098.131289,2139.443253,2180.754782,2222.066278,2263.37761,2304.68953,2346.001134,2387.313055,2428.624603,2469.936124,2511.247434,2552.559375,2593.870952,2635.182364,2676.493946,2717.80586,2759.117479,2800.429216,2841.740767,2883.052199
128,791.6311585,812.5560463,833.4809585,854.4058471,875.3307147,896.2556005,917.1804711,938.1053503,959.0302555,979.9551449,980.5049813,987.3824258,994.2598913,1001.137362,1027.645481,1054.153588,1080.661611,1107.169748,1133.677866,1160.185991,1186.69415,1213.202197,1239.710301,1266.218369,1292.72652,1319.234502,1345.74269,1372.250639,1398.758968,1425.267016,1451.775162,1478.283371,1504.791413,1531.299578,1557.807423,1584.31557,1610.823826,1637.331859,1663.839983,1690.348097,1716.856178
127,863.5059382,886.718758,909.9316105,933.1444839,956.3573665,979.5701883,1002.783008,1025.995873,1049.208731,1072.421605,1073.02717,1080.571898,1088.116604,1095.661311,1124.305937,1152.950676,1181.595342,1210.239995,1238.884755,1267.529503,1296.174239,1324.818912,1353.463283,1382.108143,1410.752976,1439.397392,1468.042344,1496.686773,1525.331711,1553.976125,1582.620875,1611.265762,1639.910077,1668.554932,1697.199616,1725.844096,1754.488992,1783.133817,1811.777881,1840.422859,1869.067744
131,1052.77488,1083.019738,1113.264504,1143.509375,1173.754169,1203.999047,1234.243903,1264.488666,1294.733456,1324.978257,1325.653336,1335.0099,1344.365781,1353.722386,1387.633516,1421.543692,1455.453977,1489.364282,1523.27449,1557.184865,1591.095932,1625.006008,1658.916386,1692.826612,1726.736889,1760.647252,1794.557548,1828.468523,1862.378756,1896.289065,1930.199284,1964.109657,1998.020575,2031.930901,2065.841117,2099.751447,2133.661721,2167.572097,2201.482114,2235.393306,2269.303639
135,1496.321355,1539.835648,1583.350323,1626.864784,1670.379282,1713.893881,1757.408558,1800.922984,1844.437689,1887.95164,1888.875093,1902.265152,1915.655378,1929.045363,1973.740412,2018.43543,2063.130716,2107.825539,2152.520737,2197.216217,2241.911443,2286.606567,2331.301594,2375.996879,2420.69169,2465.386865,2510.082285,2554.777268,2599.472565,2644.167814,2688.862836,2733.557932,2778.25339,2822.948131,2867.643341,2912.33865,2957.033988,3001.728945,3046.424473,3091.119633,3135.814396
130,1199.976132,1233.750226,1267.524384,1301.298485,1335.072513,1368.846745,1402.620501,1436.394825,1470.168596,1503.942981,1504.755111,1515.3921,1526.028956,1536.665716,1573.887605,1611.109385,1648.33085,1685.552275,1722.773738,1759.995555,1797.217326,1834.439162,1871.660601,1908.88231,1946.103519,1983.32528,2020.546826,2057.768658,2094.990417,2132.212178,2169.433352,2206.655118,2243.876668,2281.098422,2318.319884,2355.541908,2392.763131,2429.984827,2467.206357,2504.428093,2541.649675
124,1000.176967,1028.836429,1057.495928,1086.155433,1114.814877,1143.474403,1172.133855,1200.793406,1229.452802,1258.112503,1258.761514,1267.637753,1276.514062,1285.390352,1317.568556,1349.747138,1381.925336,1414.103912,1446.281994,1478.46074,1510.638991,1542.817364,1574.995611,1607.173774,1639.352371,1671.530889,1703.709129,1735.887735,1768.065775,1800.244493,1832.422511,1864.601302,1896.779453,1928.957946,1961.136186,1993.314891,2025.492963,2057.671376,2089.849506,2122.028043,2154.206608
116,357.1490961,366.4515212,375.753906,385.0563145,394.3587217,403.6611755,412.9635537,422.2659501,431.5683919,440.8708233,441.1622704,444.1660759,447.169839,450.1736813,463.1101349,476.0465687,488.9829858,501.9194908,514.855921,527.7923934,540.7288085,553.6652964,566.6017473,579.53819,592.4746472,605.4111438,618.3475818,631.2839769,644.2204373,657.1568938,670.0933436,683.0298427,695.9662639,708.9027318,721.8391636,734.7756604,747.7120812,760.6485097,773.5849786,786.5214176,799.4579236
137,1634.512262,1680.410045,1726.307725,1772.205416,1818.103063,1864.001049,1909.898829,1955.796435,2001.694071,2047.591874,2048.54372,2063.074395,2077.605865,2092.136535,2139.692452,2187.248788,2234.804329,2282.360253,2329.91558,2377.471899,2425.027513,2472.583387,2520.139706,2567.695292,2615.251238,2662.806825,2710.362741,2757.918324,2805.474517,2853.030049,2900.586017,2948.142231,2995.697831,3043.253451,3090.809389,3138.365395,3185.921329,3233.477237,3281.03275,3328.589096,3376.144417
126,626.0378873,642.3615675,658.6852576,675.0089399,691.3326393,707.6563012,723.9799408,740.3036438,756.6273363,772.9509765,773.4154593,778.8015688,784.1876357,789.5737152,811.0834884,832.5930841,854.1028583,875.6125638,897.12227,918.6320414,940.1416562,961.6513576,983.1611463,1004.670832,1026.180601,1047.69028,1069.199994,1090.709644,1112.219373,1133.729177,1155.238842,1176.74862,1198.258336,1219.768141,1241.277623,1262.787437,1284.297077,1305.806837,1327.316738,1348.826459,1370.335947
68,882.8909154,906.1051264,929.3194554,952.5336782,975.7480198,998.9622334,1022.176495,1045.390741,1068.605068,1091.819299,1092.457436,1100.089717,1107.722037,1115.354084,1142.110737,1168.867408,1195.623973,1222.380595,1249.137166,1275.893747,1302.650284,1329.406831,1356.163485,1382.920439,1409.676797,1436.433253,1463.190188,1489.946591,1516.702974,1543.459948,1570.216332,1596.973279,1623.729665,1650.4861,1677.243028,1703.999373,1730.756135,1757.512727,1784.269513,1811.025907,1837.782309
62,290.1063499,297.3881997,304.6700899,311.9518902,319.2337859,326.5156169,333.7974797,341.079351,348.361213,355.6430569,355.8829174,358.2832166,360.6834896,363.0837939,373.3409409,383.5981117,393.8552493,404.1124165,414.3695156,424.6267133,434.8838438,445.1410231,455.3982162,465.6553765,475.9124748,486.1696228,496.426807,506.683898,516.9410781,527.1983129,537.4554124,547.7125561,557.9697844,568.2269306,578.4840688,588.741267,598.9983708,609.2555607,619.5126912,629.7698871,640.0270033
63,372.8668164,382.0891897,391.3115588,400.5339007,409.7563454,418.9786729,428.2010695,437.4234514,446.6458122,455.8681428,456.180396,459.3164979,462.452573,465.5887186,478.6545808,491.7203474,504.786186,517.8519525,530.9177983,543.9836129,557.0493658,570.1151825,583.1810073,596.2467776,609.3126258,622.3784325,635.4441654,648.5100244,661.5758682,674.6415522,687.7075052,700.7731781,713.8390019,726.904788,739.9706334,753.0363564,766.102204,779.1680341,792.2339093,805.2996391,818.3655113
74,848.9364635,871.9183422,894.900199,917.8820811,940.8639501,963.8458454,986.8276591,1009.809581,1032.791417,1055.773315,1056.370717,1063.765526,1071.160498,1078.555387,1104.834328,1131.11323,1157.392135,1183.671006,1209.949955,1236.228778,1262.507669,1288.786521,1315.065456,1341.34442,1367.62324,1393.902197,1420.181173,1446.459931,1472.73878,1499.017586,1525.296516,1551.575287,1577.854526,1604.133294,1630.412119,1656.691161,1682.969929,1709.248742,1735.527764,1761.806493,1788.085523
69,329.1248278,337.596019,346.0672601,354.5384736,363.0096812,371.4809336,379.9521348,388.423344,396.8945968,405.3658165,405.6406732,408.3941051,411.1475682,413.9010324,425.5219912,437.1430722,448.7640642,460.3851452,472.006134,483.627136,495.2482073,506.8692064,518.4902298,530.1113133,541.732286,553.3533346,564.9743201,576.5953776,588.2163669,599.8374519,611.45843,623.0795003,634.7005949,646.3215042,657.9426234,669.5635608,681.1846484,692.8056296,704.4266999,716.0476409,727.6686933
70,641.2105701,657.3413252,673.4721062,689.6028503,705.7336147,721.8643776,737.9951624,754.12595,770.2567521,786.3874493,786.8252844,792.3142521,797.8030368,803.2919534,824.0662104,844.8405173,865.6147463,886.3890009,907.1632987,927.9375662,948.711835,969.4861038,990.2603291,1011.034584,1031.808878,1052.583155,1073.357422,1094.131661,1114.905901,1135.680199,1156.45437,1177.22872,1198.003082,1218.777394,1239.55145,1260.325753,1281.099993,1301.874053,1322.648626,1343.422793,1364.197262
65,456.7501254,467.8509205,478.9516684,490.0524541,501.1531785,512.2539385,523.3546983,534.4555014,545.5562447,556.6570169,557.01442,560.8707862,564.7271227,568.5835808,584.0998476,599.6161468,615.1324998,630.6488085,646.1650633,661.6813741,677.1977154,692.7140441,708.2303002,723.7465945,739.2628936,754.7792056,770.295518,785.8118023,801.3281289,816.844413,832.360754,847.8770305,863.3933417,878.9096641,894.4258754,909.9422114,925.4585436,940.9747602,956.4911496,972.0074645,987.5237621
59,168.5980789,172.3383919,176.0786737,179.8189821,183.5593033,187.2996059,191.0398891,194.7802043,198.5205079,202.2607845,202.3943575,203.6635353,204.9326833,206.2018835,212.020002,217.8381031,223.6561802,229.4742865,235.292365,241.1104799,246.9285409,252.7466687,258.5647701,264.3828441,270.2009563,276.019064,281.8371798,287.6552509,293.4733674,299.2914735,305.1095435,310.9276563,316.7457245,322.563811,328.381955,334.2000347,340.0181512,345.8362134,351.6543357,357.4724004,363.2904911
66,739.5263913,757.6616012,775.7968264,793.9321007,812.067312,830.2025445,848.337809,866.472974,884.6082101,902.7434675,903.3363362,909.6428589,915.9494643,922.256102,945.2255867,968.1951731,991.1647371,1014.134278,1037.103774,1060.0734,1083.042894,1106.012551,1128.981996,1151.951613,1174.921072,1197.890676,1220.860095,1243.829723,1266.799358,1289.769026,1312.738471,1335.707984,1358.677657,1381.646937,1404.616468,1427.586191,1450.555793,1473.525221,1496.495057,1519.46431,1542.433939
67,411.6362223,421.8225981,432.0089863,442.1953163,452.3817102,462.5680654,472.7544773,482.9408524,493.1272372,503.3135672,503.6570363,507.131815,510.6066184,514.0814102,528.3241392,542.5667712,556.8095726,571.0522726,585.2950223,599.5377482,613.7804585,628.023139,642.2658646,656.5085966,670.7512895,684.9940034,699.2367681,713.4794472,727.7222461,741.9648188,756.2076215,770.4502638,784.6930008,798.9357133,813.178479,827.4211565,841.6638748,855.9066175,870.1493021,884.3920314,898.6347709
76,458.8869312,470.3210396,481.7551534,493.1892521,504.6233866,516.0575089,527.4915882,538.9257395,550.3598595,561.7939438,562.170529,566.0589872,569.9473041,573.8356909,589.5733895,605.3110416,621.0487451,636.7864532,652.5242,668.2618305,683.9994817,699.7372271,715.4749284,731.2126182,746.9502849,762.6880386,778.4256297,794.1633167,809.9010784,825.6388297,841.3764597,857.1142074,872.8518315,888.5895256,904.3271607,920.0648501,935.8026095,951.5403425,967.2779634,983.015625,998.753289
1,183.617158,187.5422719,191.4674367,195.3925686,199.3176944,203.242817,207.1679718,211.0931063,215.0182146,218.9433786,219.1330978,220.4641032,221.7950791,223.1260676,229.559069,235.9920644,242.4250926,248.8580574,255.2910896,261.7240952,268.1571014,274.5901001,281.0230919,287.4560988,293.8891114,300.3220923,306.7551288,313.188135,319.621146,326.0541208,332.4871382,338.9201681,345.3531475,351.7861495,358.2191837,364.6521599,371.0851797,377.518168,383.9511612,390.3841968,396.8171835
2,188.5606371,192.7179366,196.8752645,201.0325902,205.1899032,209.3471924,213.5045293,217.6618666,221.8191281,225.9764671,226.174632,227.5830413,228.9914346,230.399835,237.173528,243.9471732,250.7208635,257.4945266,264.2682039,271.0418885,277.8155567,284.5891971,291.3628604,298.1365543,304.910239,311.6838841,318.4575608,325.2312488,332.0049396,338.7786103,345.5522134,352.3259553,359.0996047,365.8732636,372.6469574,379.4205996,386.1942924,392.9679511,399.7416363,406.5153005,413.2889863
6,288.0697025,294.6275093,301.1853441,307.7431472,314.3009573,320.8587735,327.416648,333.9744818,340.5322658,347.0900746,347.3923841,349.6124904,351.8326095,354.0527132,364.1467302,374.2407759,384.3348233,394.4288497,404.5229263,414.6169454,424.7109911,434.8049977,444.899035,454.9930801,465.0871251,475.1811943,485.2752172,495.3692354,505.463293,515.5573224,525.6513662,535.7454109,545.8394657,555.9334597,566.0275327,576.1215356,586.2156105,596.3096302,606.4036567,616.4976676,626.5917025
3,209.4377444,214.1298189,218.82188,223.5138975,228.2059427,232.8979895,237.5900569,242.2821086,246.9741459,251.6661885,251.8893871,253.4896168,255.089851,256.690144,264.2624773,271.8348138,279.4071534,286.9795227,294.55186,302.1242129,309.6965733,317.2688882,324.8412374,332.413622,339.9859763,347.5582973,355.1306669,362.7029915,370.275347,377.8477168,385.4200393,392.992401,400.5647521,408.1370628,415.7094233,423.2817704,430.8541372,438.4265022,445.9988321,453.5711697,461.1435244
5,290.008047,296.6177929,303.2275436,309.8372563,316.4469573,323.0567058,329.6664729,336.2762276,342.8859725,349.4956467,349.7953524,352.0243196,354.2533462,356.4822375,366.7039992,376.9257285,387.1474477,397.3692064,407.5909542,417.8127143,428.0344864,438.2561615,448.477926,458.6996093,468.9213704,479.1431421,489.3648339,499.5865407,509.8082886,520.0299449,530.2517361,540.4734552,550.6951631,560.9168643,571.1386337,581.3603432,591.5821159,601.8038266,612.0254805,622.2472392,632.4690086
4,240.2507703,245.7019467,251.1531815,256.6043441,262.0555353,267.5067047,272.9579387,278.4091034,283.8602883,289.31145,289.5606667,291.4071817,293.2537093,295.1002024,303.6833365,312.2665229,320.8497281,329.4329216,338.0160767,346.5992611,355.1823823,363.7655065,372.3487056,380.931875,389.515121,398.0982802,406.6814279,415.2645701,423.8477586,432.430954,441.0141078,449.5972951,458.1804242,466.7635724,475.346783,483.9299722,492.5131767,501.0963438,509.6795102,518.2626022,526.8457907
9,324.4449605,331.7223708,338.9997647,346.2771973,353.5545873,360.8319849,368.1093634,375.3867635,382.6641822,389.9415759,390.2970892,392.8142374,395.3313939,397.8485375,408.9936704,420.1388053,431.2839448,442.4291008,453.5742387,464.719385,475.8645433,487.0096411,498.1547965,509.2999064,520.4450553,531.5901813,542.7353368,553.8804832,565.0256132,576.1707414,587.3158891,598.4610426,609.6061921,620.7512965,631.8964169,643.0416116,654.186728,665.3318802,676.4769936,687.6221355,698.7672827
8,375.7221054,384.2717258,392.8213069,401.3709094,409.9205167,418.4701513,427.0197657,435.5693986,444.1189687,452.6685818,453.0731327,455.9961357,458.9191332,461.8421423,474.7076437,487.5731647,500.4387584,513.3042597,526.1698217,539.0353427,551.9008601,564.7664421,577.6319515,590.497531,603.3630432,616.2285977,629.0941165,641.9596763,654.8252131,667.6907477,680.5563118,693.4218753,706.2874754,719.1529281,732.0184855,744.8840591,757.7495846,770.6151201,783.4806178,796.3461744,809.2116464
7,332.2491218,339.7029203,347.1567939,354.6106201,362.064466,369.5182712,376.9721627,384.425936,391.8797938,399.3335964,399.6992409,402.2806822,404.8621673,407.443582,418.9007304,430.3578775,441.8150865,453.272256,464.7294629,476.1866128,487.643822,499.100923,510.5581161,522.0153047,533.472466,544.9295983,556.3867682,567.843967,579.3011506,590.7583419,602.2155093,613.6726854,625.1298183,636.5870192,648.0441088,659.5014185,670.9585692,682.4157586,693.8728477,705.330007,716.7872338
147,1072.10116,1098.719352,1125.337626,1151.955812,1178.574026,1205.192249,1231.810528,1258.428585,1285.046827,1311.665028,1312.45098,1321.679006,1330.90719,1340.135369,1375.82241,1411.508996,1447.196132,1482.882954,1518.569689,1554.256846,1589.943937,1625.630605,1661.317604,1697.004318,1732.691128,1768.378345,1804.06514,1839.751914,1875.438996,1911.125941,1946.812744,1982.499801,2018.186753,2053.873727,2089.560578,2125.247637,2160.934143,2196.621206,2232.307998,2267.994922,2303.681986
141,995.674223,1021.825345,1047.976545,1074.12766,1100.27885,1126.430009,1152.58116,1178.732341,1204.883484,1231.034622,1231.754765,1240.415046,1249.07547,1257.73557,1290.933069,1324.130576,1357.328073,1390.525661,1423.723154,1456.920738,1490.118402,1523.315618,1556.513191,1589.710451,1622.907961,1656.105571,1689.303179,1722.500667,1755.698319,1788.895632,1822.093236,1855.290677,1888.48825,1921.685855,1954.883052,1988.080643,2021.278235,2054.475766,2087.673377,2120.8709,2154.068199
156,2160.888827,2223.100551,2285.312315,2347.523552,2409.735286,2471.94689,2534.158826,2596.369879,2658.581671,2720.793464,2722.016542,2741.454242,2760.892059,2780.329948,2843.067801,2905.806227,2968.54398,3031.282578,3094.020173,3156.758299,3219.496306,3282.234874,3344.972633,3407.711287,3470.449611,3533.18757,3595.92608,3658.663823,3721.402184,3784.140336,3846.878466,3909.616488,3972.355155,4035.092441,4097.830958,4160.569161,4223.307666,4286.045932,4348.784165,4411.521984,4474.259909
154,1647.93237,1696.221938,1744.511829,1792.801739,1841.091054,1889.380902,1937.670758,1985.960145,2034.249792,2082.539952,2083.495875,2098.257675,2113.019873,2127.781902,2180.693883,2233.605496,2286.517164,2339.429128,2392.34088,2445.252871,2498.164675,2551.07636,2603.987894,2656.899881,2709.812073,2762.72355,2815.635275,2868.546742,2921.458497,2974.370866,3027.282588,3080.194307,3133.105805,3186.017762,3238.929609,3291.841491,3344.753281,3397.665273,3450.57639,3503.48821,3556.400107
148,671.498139,687.4881297,703.4780637,719.468003,735.4579759,751.4479375,767.4378974,783.4278573,799.4177635,815.4077389,815.9096571,821.5820036,827.2542221,832.9264652,857.34677,881.7670419,906.1872475,930.6075031,955.0278294,979.448045,1003.868326,1028.28858,1052.708939,1077.129209,1101.54942,1125.969705,1150.38993,1174.810223,1199.23049,1223.650711,1248.071085,1272.491372,1296.911453,1321.33183,1345.752089,1370.172494,1394.592545,1419.012937,1443.433217,1467.853413,1492.273712
140,886.0582225,908.2998552,930.5414453,952.7830316,975.0246402,997.2662556,1019.507809,1041.749434,1063.991016,1086.232602,1086.863186,1094.487743,1102.112235,1109.736779,1139.535871,1169.33489,1199.133978,1228.933066,1258.7321,1288.53116,1318.330369,1348.129418,1377.928333,1407.727358,1437.526375,1467.32573,1497.124852,1526.923595,1556.72279,1586.521935,1616.321058,1646.120081,1675.91903,1705.718224,1735.517163,1765.316291,1795.115526,1824.914445,1854.713491,1884.512658,1914.311699
150,1174.814983,1205.695222,1236.575433,1267.455582,1298.335808,1329.215968,1360.096177,1390.976253,1421.856578,1452.736855,1453.541471,1463.778293,1474.015382,1484.252226,1523.331432,1562.410689,1601.490027,1640.569392,1679.648556,1718.727924,1757.807308,1796.886456,1835.965996,1875.045095,1914.124367,1953.203972,1992.282973,2031.362435,2070.44165,2109.521011,2148.600092,2187.679593,2226.758927,2265.838319,2304.917555,2343.996954,2383.076045,2422.15553,2461.234568,2500.313991,2539.393169
155,886.2522422,907.6374625,929.022615,950.40774,971.7929355,993.1780484,1014.563174,1035.948395,1057.33351,1078.718734,1079.310805,1086.866141,1094.421481,1101.976627,1132.900023,1163.823369,1194.746721,1225.670201,1256.59355,1287.516934,1318.440284,1349.363506,1380.286845,1411.210226,1442.133257,1473.057242,1503.980643,1534.903683,1565.827096,1596.750501,1627.673494,1658.597521,1689.520796,1720.443924,1751.367253,1782.290655,1813.214312,1844.1377,1875.061046,1905.984163,1936.907537
143,811.7179558,831.6738868,851.6297972,871.5857244,891.5416505,911.4975981,931.4535118,951.4094498,971.3653652,991.3212913,991.9454321,998.8836353,1005.821759,1012.759945,1040.722368,1068.684792,1096.647205,1124.609549,1152.572,1180.534364,1208.496887,1236.459239,1264.421665,1292.384173,1320.346564,1348.308859,1376.271413,1404.233917,1432.196079,1460.158743,1488.121095,1516.083585,1544.045611,1572.008274,1599.970826,1627.933155,1655.895663,1683.857814,1711.820563,1739.782818,1767.745154
157,2338.91515,2405.711177,2472.506293,2539.302378,2606.097962,2672.893424,2739.689567,2806.484539,2873.280121,2940.076232,2941.389694,2962.423849,2983.457407,3004.491065,3071.555066,3138.618564,3205.682754,3272.746355,3339.80973,3406.874317,3473.937843,3541.001661,3608.065661,3675.129659,3742.193017,3809.256776,3876.321042,3943.384772,4010.448868,4077.512658,4144.575949,4211.639613,4278.703813,4345.767538,4412.830772,4479.895941,4546.958641,4614.022896,4681.086628,4748.151271,4815.21454
158,2111.30853,2171.846749,2232.38486,2292.92331,2353.461462,2413.999618,2474.537897,2535.075998,2595.614163,2656.152331,2657.329598,2676.287946,2695.246223,2714.204156,2776.543279,2838.881644,2901.220701,2963.559564,3025.898318,3088.237392,3150.575891,3212.91481,3275.2538,3337.592537,3399.931054,3462.270093,3524.608949,3586.947785,3649.286422,3711.62533,3773.964154,3836.302702,3898.641595,3960.980207,4023.319375,4085.658181,4147.997054,4210.33568,4272.67454,4335.013679,4397.351959
159,1941.356602,1997.002165,2052.647705,2108.292591,2163.937881,2219.583068,2275.228646,2330.873544,2386.518869,2442.163995,2443.230841,2460.620422,2478.010682,2495.400135,2554.462521,2613.525064,2672.587367,2731.648919,2790.711769,2849.77413,2908.836231,2967.898105,3026.960415,3086.022566,3145.084865,3204.147283,3263.208778,3322.271698,3381.333594,3440.396157,3499.458157,3558.520205,3617.582691,3676.644727,3735.707108,3794.768975,3853.831301,3912.893419,3971.955826,4031.018132,4090.080252
160,1800.211767,1851.331121,1902.450041,1953.568839,2004.688364,2055.807002,2106.926104,2158.045407,2209.164328,2260.283556,2261.274896,2277.34479,2293.415393,2309.485096,2365.034334,2420.583745,2476.133096,2531.682242,2587.23173,2642.781004,2698.329616,2753.878992,2809.428127,2864.977446,2920.526815,2976.07617,3031.625006,3087.174947,3142.723999,3198.272768,3253.82224,3309.37123,3364.920694,3420.470034,3476.019238,3531.567837,3587.117313,3642.666584,3698.216076,3753.765166,3809.314674
161,1632.287945,1678.815363,1725.342975,1771.870375,1818.398093,1864.924824,1911.452504,1957.980037,2004.507672,2051.035032,2051.937812,2066.481327,2081.024676,2095.567927,2147.424912,2199.28257,2251.140245,2302.997077,2354.854323,2406.711861,2458.568819,2510.426573,2562.283675,2614.141268,2665.998085,2717.855766,2769.713009,2821.570058,2873.42756,2925.284726,2977.142496,3028.999308,3080.856919,3132.714219,3184.571081,3236.428733,3288.285626,3340.143475,3392.000317,3443.858001,3495.715209
162,1667.355832,1713.859603,1760.362854,1806.866547,1853.370211,1899.873484,1946.377184,1992.880724,2039.384374,2085.887707,2086.825402,2101.643662,2116.462002,2131.280526,2182.714319,2234.14751,2285.581205,2337.014501,2388.448029,2439.881503,2491.314897,2542.748366,2594.181962,2645.615701,2697.048875,2748.482382,2799.916352,2851.349672,2902.783164,2954.216117,3005.650322,3057.083586,3108.516916,3159.950557,3211.384126,3262.817561,3314.251046,3365.684556,3417.118075,3468.551331,3519.985307
164,1552.269491,1595.573328,1638.877166,1682.180942,1725.484633,1768.78833,1812.092754,1855.39643,1898.700197,1942.003858,1942.889257,1956.679945,1970.470311,1984.261242,2031.95245,2079.643039,2127.333814,2175.02483,2222.716101,2270.406803,2318.097861,2365.788457,2413.479504,2461.170602,2508.861619,2556.55223,2604.243342,2651.934321,2699.625236,2747.315944,2795.007154,2842.69839,2890.388771,2938.079855,2985.770969,3033.461921,3081.152624,3128.843719,3176.534602,3224.225547,3271.916301
163,1467.942583,1509.024441,1550.106079,1591.187894,1632.269861,1673.351564,1714.433364,1755.515347,1796.597149,1837.678863,1838.5065,1851.524871,1864.543335,1877.561342,1923.578503,1969.595532,2015.612846,2061.630047,2107.646906,2153.664048,2199.681126,2245.698118,2291.715328,2337.732177,2383.749252,2429.766543,2475.783551,2521.800452,2567.817778,2613.834901,2659.851919,2705.868623,2751.88608,2797.903375,2843.920115,2889.937142,2935.954098,2981.971429,3027.988214,3074.005086,3120.022602
165,1371.330623,1404.579128,1437.827662,1471.076255,1504.324815,1537.573357,1570.822031,1604.070461,1637.319199,1670.567905,1672.629195,1684.457352,1696.285806,1708.114156,1749.306721,1790.499043,1831.69181,1872.884094,1914.076614,1955.269226,1996.462004,2037.654503,2078.846824,2120.039357,2161.231948,2202.424587,2243.617159,2284.80966,2326.001978,2367.194481,2408.387182,2449.579279,2490.771826,2531.964721,2573.157125,2614.349771,2655.542552,2696.734645,2737.927158,2779.119652,2820.312238
121,912.4499293,937.9916875,963.533411,989.0751669,1014.616856,1040.158574,1065.70035,1091.242091,1116.783798,1142.325578,1142.926915,1150.976473,1159.02624,1167.075824,1196.860628,1226.645534,1256.430228,1286.215201,1315.9998,1345.784876,1375.569722,1405.354503,1435.139153,1464.92391,1494.709005,1524.493905,1554.278542,1584.063562,1613.848351,1643.633127,1673.417755,1703.202887,1732.987875,1762.772794,1792.557297,1822.342513,1852.127148,1881.911785,1911.696666,1941.481586,1971.266723
21,390.7553603,399.4146582,408.073991,416.7332926,425.3926646,434.0519221,442.7113288,451.3706342,460.0299799,468.6892844,469.0463577,472.1068429,475.167272,478.2277341,491.3409688,504.4542645,517.5675648,530.6807972,543.7941891,556.9074177,570.0206882,583.1339155,596.24724,609.3605307,622.4737538,635.5870579,648.700304,661.8136765,674.9268689,688.0401487,701.1534376,714.2666712,727.3800054,740.4932902,753.606569,766.7198001,779.833118,792.9463251,806.0596102,819.1729205,832.2862002
118,733.1463404,752.4968404,771.8472855,791.1977531,810.5482113,829.898648,849.2491315,868.5996065,887.9500874,907.3005421,907.7773003,914.1470525,920.5168565,926.8865815,951.868721,976.8508571,1001.832934,1026.815113,1051.797196,1076.779344,1101.761422,1126.743567,1151.725607,1176.707792,1201.68995,1226.672116,1251.654271,1276.636193,1301.618429,1326.600661,1351.582578,1376.564783,1401.546914,1426.52915,1451.511123,1476.493271,1501.475466,1526.457438,1551.43943,1576.42193,1601.404052
26,590.1502809,602.2118614,614.2733754,626.3349167,638.3964639,650.4580008,662.5195109,674.5810756,686.6425836,698.7041412,699.1656682,703.8599954,708.554213,713.2484333,732.4829302,751.7173908,770.951837,790.1862972,809.4207587,828.6553108,847.8897515,867.1241864,886.3586544,905.5931025,924.8275985,944.0620587,963.2965536,982.5309667,1001.765376,1020.999825,1040.234352,1059.46874,1078.703249,1097.937774,1117.17226,1136.406645,1155.641082,1174.875592,1194.110166,1213.344438,1232.579066
86,1071.472477,1102.248025,1133.023494,1163.798997,1194.574511,1225.350232,1256.125749,1286.901289,1317.676672,1348.452385,1349.101684,1358.586182,1368.070792,1377.55535,1409.862497,1442.169333,1474.4764,1506.783954,1539.090567,1571.397745,1603.705169,1636.012009,1668.319288,1700.626355,1732.933362,1765.240589,1797.547784,1829.854834,1862.162013,1894.469123,1926.776008,1959.083337,1991.390269,2023.697282,2056.004505,2088.3117,2120.618572,2152.925584,2185.232629,2217.539942,2249.846946
114,602.1615661,618.585006,635.0084866,651.431918,667.8553554,684.2788406,700.702271,717.1257365,733.5492055,749.9726242,750.3785754,755.6083478,760.8381009,766.0679133,786.9139611,807.7599683,828.6059455,849.4519398,870.2979184,891.1438711,911.9898833,932.8359527,953.6819992,974.5279502,995.3739511,1016.219962,1037.066014,1057.911952,1078.757908,1099.603951,1120.449993,1141.29595,1162.141915,1182.987905,1203.833951,1224.679915,1245.525905,1266.371841,1287.217852,1308.0639,1328.909948
10,283.3871861,289.8738813,296.360547,302.8472485,309.3339227,315.8206197,322.3072976,328.7939482,335.2806416,341.7673242,342.0746631,344.296212,346.5177681,348.7393491,358.6723593,368.6053028,378.5382582,388.471241,398.4042149,408.337184,418.2701496,428.2031188,438.1361151,448.0690429,458.0020403,467.9349937,477.867972,487.800972,497.733918,507.6669457,517.5999077,527.5328676,537.4658738,547.3987997,557.3317694,567.2647542,577.197695,587.130667,597.0636718,606.996633,616.9296022
12,111.577467,114.0866034,116.5957446,119.1048768,121.6140151,124.1231565,126.632295,129.1414357,131.650566,134.1597083,134.2845911,135.1508887,136.0171637,136.8834497,141.5051707,146.1268828,150.7485882,155.3702973,159.9920206,164.6137438,169.2354669,173.8571867,178.4789159,183.1006307,187.7223073,192.3440262,196.9657497,201.5874569,206.2091896,210.8309175,215.4526037,220.0743066,224.6960468,229.3177758,233.9394734,238.5612167,243.1829383,247.8045879,252.4263206,257.0480466,261.6697578
11,366.4929898,374.7078064,382.9227029,391.1376169,399.3524375,407.567299,415.7821276,423.9970263,432.2118674,440.4267171,440.8288581,443.6725359,446.5161757,449.3598334,461.6782433,473.9966481,486.3150159,498.6334557,510.9518756,523.2702308,535.5886599,547.9069935,560.2254197,572.5437999,584.8621551,597.180607,609.4990502,621.8174178,634.1358134,646.4542656,658.7725944,671.0910148,683.4095089,695.7277739,708.0462713,720.3646486,732.6829608,745.0014464,757.3198344,769.6382128,781.9566382
15,254.3466153,260.2648139,266.1831114,272.1013177,278.0195952,283.9378044,289.856102,295.7743203,301.6925891,307.6107962,307.8826484,309.8904535,311.8983381,313.9062185,322.9894562,332.0726079,341.1557957,350.2389469,359.3221224,368.4054343,377.4885856,386.5718202,395.6549975,404.7382295,413.8213917,422.9045552,431.9877108,441.0710189,450.1542095,459.2374436,468.320622,477.4038291,486.487015,495.5701714,504.6533133,513.7366283,522.8198149,531.9029496,540.9862064,550.0693842,559.1525493
20,125.8261228,128.6834232,131.5407169,134.398025,137.2553145,140.1126105,142.9699185,145.827211,148.684508,151.5418007,151.6500396,152.6383168,153.626591,154.6148534,159.7195662,164.824293,169.9290027,175.0337393,180.1384425,185.2431675,190.3478821,195.4526033,200.5573387,205.6620473,210.7667541,215.8714823,220.9761981,226.0809234,231.185636,236.2903584,241.3950763,246.4997954,251.6045053,256.7092509,261.8139775,266.9186801,272.0234114,277.1280924,282.2328427,287.3375458,292.4422726
13,405.9884282,415.0376646,424.086909,433.1362132,442.1854492,451.2346973,460.2839674,469.3332677,478.3824776,487.4317589,487.875332,491.0170125,494.1585905,497.300256,510.8127752,524.3252372,537.8378178,551.3503485,564.8628662,578.3753918,591.8879066,605.4004461,618.9129745,632.4255153,645.9380109,659.4505576,672.9630805,686.4755717,699.9881623,713.5006584,727.0131751,740.5257448,754.038236,767.5508267,781.063255,794.5758646,808.0884038,821.6008307,835.113357,848.6259225,862.1384402
14,393.5049722,402.1957763,410.8864935,419.5773711,428.2681097,436.9589142,445.6496508,454.3405178,463.0312719,471.7220564,472.1573808,475.185647,478.2138083,481.2420611,494.1751332,507.108258,520.041383,532.9745859,545.9077075,558.8408116,571.7739133,584.707095,597.6401157,610.5733005,623.5063705,636.439527,649.3726719,662.3058057,675.2389161,688.1720443,701.105124,714.0382989,726.9714342,739.9045228,752.8376917,765.7708062,778.7039816,791.6370987,804.5701791,817.5032965,830.4364188
16,378.2760531,386.8305406,395.3850851,403.9395577,412.4940391,421.0485374,429.6030207,438.1575552,446.7120065,455.2665334,455.6647894,458.6150302,461.5652565,464.5155674,477.2082275,489.9009106,502.5935749,515.2862485,527.9790084,540.6716847,553.3643975,566.0570611,578.7497121,591.4424081,604.1350933,616.8277768,629.5205697,642.2131986,654.9058415,667.5985954,680.2912665,692.9839096,705.676628,718.3692931,731.0620423,743.7547141,756.4473099,769.1400574,781.8327358,794.5254322,807.2181329
19,253.3120396,259.4421551,265.5722819,271.7024126,277.8325309,283.9626488,290.0927599,296.222909,302.3529999,308.4831519,308.7157994,310.7449254,312.7740056,314.8031472,323.9055397,333.0078953,342.1103112,351.2126957,360.3151156,369.4174628,378.5198514,387.622198,396.7246306,405.8270082,414.9294024,424.0317497,433.1341576,442.2365617,451.3389556,460.4412908,469.5436891,478.6460476,487.7484189,496.8508495,505.9532117,515.0555649,524.1580009,533.2603798,542.3627613,551.4651399,560.5675427
18,425.680266,435.0093883,444.33846,453.667599,462.9966958,472.3258245,481.6549048,490.9840421,500.313115,509.6422438,510.0719323,513.3914128,516.71084,520.0304007,534.1645743,548.2987775,562.4329214,576.5671026,590.7013188,604.8354896,618.969708,633.1038992,647.2380623,661.3722583,675.5064361,689.6406441,703.774843,717.9090412,732.0431857,746.1773507,760.3115784,774.4457691,788.5798935,802.7140672,816.8482984,830.9824811,845.116699,859.2508558,873.3850504,887.5191838,901.6534315
23,214.8576009,220.0986692,225.3397669,230.5808444,235.8219286,241.0630258,246.3040925,251.545173,256.7862614,262.0273583,262.2005004,263.9394386,265.6783804,267.4173045,275.3297804,283.2422875,291.154778,299.0672687,306.979722,314.8922267,322.8046659,330.7171841,338.6296735,346.5421686,354.4546547,362.3671283,370.2796296,378.1920973,386.1045825,394.0170738,401.9295324,409.8420012,417.7544943,425.66703,433.5795207,441.4919655,449.4044836,457.3169502,465.2293949,473.1419149,481.0544021
17,317.7427215,325.1162173,332.4897513,339.8632779,347.2367925,354.6103163,361.9838292,369.3573735,376.7308972,384.1044251,384.4144236,386.9264968,389.4386128,391.9506948,402.9271015,413.9034361,424.8798359,435.8561964,446.8325704,457.8089273,468.7853005,479.7616317,490.7380445,501.7143925,512.690772,523.6671417,534.6435146,545.6198636,556.5962581,567.5726143,578.5489473,589.5252957,600.5017046,611.4780646,622.4544405,633.430805,644.4071758,655.383588,666.35992,677.3363191,688.3126666
34,806.4928509,823.61535,840.7379156,857.8604439,874.9830152,892.1055573,909.2281209,926.3506325,943.4732028,960.5958059,961.1971989,967.7802648,974.363403,980.9464879,1006.371867,1031.79731,1057.22267,1082.648034,1108.073455,1133.49891,1158.924171,1184.349647,1209.774898,1235.200314,1260.625803,1286.05118,1311.476637,1336.901855,1362.327306,1387.75242,1413.178109,1438.60359,1464.028645,1489.454116,1514.879559,1540.304995,1565.730273,1591.155826,1616.581116,1642.006443,1667.431884
32,284.2517862,291.3888608,298.5259427,305.6630175,312.8000986,319.9371563,327.0742234,334.2112647,341.3483752,348.4854688,348.685416,351.038477,353.3915902,355.7446353,365.9651474,376.1855942,386.4061218,396.6266311,406.8470843,417.0676076,427.2880813,437.508577,447.7290759,457.9495668,468.1700466,478.3905801,488.6110461,498.8315391,509.0520306,519.2725165,529.4930398,539.7135263,549.9340107,560.1545059,570.3750013,580.5955093,590.8160078,601.0364743,611.2569849,621.4774875,631.6979713
22,376.0201516,384.451371,392.8826177,401.3138321,409.7451151,418.1763063,426.6076102,435.0388732,443.4701161,451.9013663,452.2433588,455.2013071,458.1592489,461.1171576,473.7952225,486.473321,499.151417,511.8294661,524.5076155,537.1856824,549.8637603,562.5418111,575.2199381,587.8980164,600.576071,613.2541443,625.9322514,638.6103736,651.2884024,663.9664896,676.6445714,689.3226025,702.0007672,714.6788479,727.3569177,740.0350023,752.7130557,765.3911368,778.0692148,790.7473417,803.4253837
33,682.2180526,697.4033605,712.5886771,727.7739953,742.9593146,758.1446491,773.3299741,788.5152579,803.7005962,818.8859403,819.4157441,825.0059722,830.5961449,836.1863283,857.7965112,879.40674,901.0169711,922.6270783,944.2373491,965.8475227,987.457702,1009.067971,1030.678152,1052.288274,1073.898537,1095.508729,1117.118987,1138.729096,1160.339353,1181.949577,1203.559795,1225.169997,1246.780105,1268.390271,1290.000605,1311.610692,1333.220796,1354.831128,1376.441495,1398.051553,1419.661925
25,363.6123077,372.6489267,381.6855405,390.722152,399.7587671,408.7953697,417.8319889,426.8686195,435.9052036,444.9418461,445.2357848,448.2166947,451.1975243,454.1783169,466.6316018,479.0848428,491.5380658,503.9912449,516.4445205,528.8977201,541.3509574,553.8041964,566.2574061,578.7106628,591.1638555,603.6171334,616.07028,628.5235784,640.9768754,653.4300449,665.8832685,678.3365353,690.7897254,703.2428922,715.6961782,728.1493761,740.6026727,753.0558663,765.5091476,777.9622835,790.4155469
29,279.4363891,286.4779274,293.5195128,300.5610725,307.602641,314.6441954,321.6857577,328.727303,335.7688783,342.8104687,343.0182756,345.3193295,347.6204146,349.921406,359.8992398,369.877031,379.8548523,389.8326675,399.8104225,409.7882852,419.7660663,429.7438584,439.721675,449.6994625,459.6773004,469.6551168,479.6328897,489.6107086,499.588496,509.5663084,519.5441763,529.5219237,539.4997573,549.4775695,559.4554036,569.4331851,579.4109974,589.3888328,599.3665916,609.3443835,619.3222486
24,448.8150888,459.227749,469.6403756,480.0531386,490.4658108,500.8784289,511.2911378,521.7038284,532.1164916,542.5291622,542.8972742,546.5011501,550.1051305,553.7090998,568.6700491,583.6310745,598.5920306,613.5529674,628.5139974,643.4749882,658.4360243,673.3969166,688.3579002,703.3188762,718.2798174,733.2408693,748.201749,763.1629012,778.1237987,793.0848549,808.0456835,823.006742,837.9677225,852.9287079,867.8896632,882.8506451,897.8116463,912.7726161,927.7335297,942.6945311,957.6555976
27,578.7472148,590.8370929,602.9269253,615.0167433,627.1065941,639.1964014,651.2862232,663.3761051,675.4659212,687.5557242,688.009857,692.6348873,697.2598938,701.8849636,720.7159712,739.5470226,758.3780572,777.2091195,796.0401532,814.8711974,833.7022777,852.5332537,871.3643376,890.1953382,909.0264447,927.8574535,946.6885693,965.5195349,984.3505144,1003.181551,1022.012662,1040.843641,1059.674719,1078.505809,1097.336817,1116.16787,1134.998894,1153.829891,1172.661128,1191.492121,1210.323224
28,423.7124137,434.0980286,444.4836442,454.8692836,465.2548982,475.6405191,486.026165,496.411803,506.797409,517.1830445,517.5103679,520.9801712,524.4498732,527.9196228,542.0996053,556.2796268,570.4595862,584.6395529,598.8195001,612.999507,627.1794749,641.3594905,655.5394771,669.7194843,683.8994111,698.0794609,712.2593704,726.4394023,740.619351,754.7993794,768.9793405,783.1593372,797.3393266,811.5192679,825.6992702,839.8792668,854.0592468,868.2392712,882.4192036,896.5992164,910.7791502
30,356.9257237,366.0071624,375.088617,384.1700975,393.2515528,402.3330175,411.4144842,420.4959775,429.577368,438.6588529,438.935263,441.8895079,444.8436933,447.7978684,460.0936905,472.3895207,484.6853249,496.9811309,509.2769159,521.5727895,533.8685575,546.1644249,558.4602308,570.7560691,583.0518581,595.3477173,607.6435304,619.9393218,632.2351396,644.5310204,656.8267929,669.1226117,681.4184117,693.7142473,706.0100724,718.3058616,730.6017299,742.8975879,755.1933373,767.4891894,779.784939
31,254.3055347,260.508989,266.7124687,272.915965,279.1194246,285.3228847,291.5263453,297.7298144,303.9333135,310.1367901,310.3158429,312.3955351,314.475239,316.5549508,325.7977511,335.040554,344.2833752,353.5261828,362.7689686,372.0118238,381.2546424,390.4974504,399.7402425,408.9830688,418.2258694,427.4686987,436.7115035,445.9543339,455.1971513,464.4399308,473.6827435,482.9255843,492.1683818,501.411189,510.6540221,519.8968457,529.1396975,538.3824588,547.6252779,556.868099,566.110921
37,492.7087714,506.6917286,520.6746349,534.6576194,548.6405659,562.6235318,576.6064481,590.5894171,604.5723707,618.5553468,618.878036,623.1294872,627.3809557,631.6324085,648.0676421,664.5029439,680.9382418,697.3734477,713.8087257,730.2440019,746.6792642,763.1145694,779.5498217,795.9851062,812.4203509,828.8556364,845.2909127,861.7261723,878.1614891,894.5967352,911.0319981,927.4672501,943.9024901,960.3377927,976.7731355,993.2083853,1009.643595,1026.07889,1042.51417,1058.949487,1075.38476
35,610.3831009,625.5030885,640.6231474,655.7431786,670.8631851,685.983223,701.1032499,716.2232634,731.3433067,746.4633049,746.9210395,752.0270518,757.1331065,762.2390669,781.6471718,801.0552789,820.4634427,839.8714951,859.2796769,878.6879059,898.0959738,917.504127,936.9121155,956.3203152,975.7284846,995.136631,1014.544764,1033.952907,1053.360886,1072.769133,1092.177245,1111.585401,1130.993596,1150.401625,1169.809793,1189.217889,1208.626095,1228.034186,1247.442349,1266.850422,1286.258413
36,538.0319715,551.9402232,565.8484734,579.7567569,593.6650401,607.5733351,621.4815926,635.3899298,649.2981946,663.2064382,663.6084748,668.1465451,672.6846885,677.2226621,694.6568956,712.0910539,729.5253183,746.9594349,764.3936091,781.8277787,799.2619324,816.6961334,834.1303015,851.5645336,868.9986478,886.4328229,903.8669645,921.3012219,938.7354039,956.1695765,973.6038239,991.0379821,1008.47211,1025.906276,1043.340499,1060.774648,1078.208816,1095.643036,1113.077214,1130.51137,1147.945581
40,737.4256626,756.6264803,775.8272779,795.028065,814.2288317,833.4296637,852.6305313,871.8312779,891.0320917,910.2328829,910.7525386,917.0587694,923.3650199,929.6712324,952.2923211,974.9133973,997.5345957,1020.155682,1042.776877,1065.398086,1088.019233,1110.640256,1133.261277,1155.882465,1178.503631,1201.124855,1223.745801,1246.367089,1268.988023,1291.609459,1314.230781,1336.851585,1359.472998,1382.093842,1404.71469,1427.336155,1449.957546,1472.578398,1495.199723,1517.820591,1540.44182
39,659.8432033,677.5477562,695.2522588,712.9567602,730.6613005,748.3658527,766.0703658,783.7749606,801.4794996,819.1839611,819.6626181,825.3216287,830.9808384,836.6398563,857.4036964,878.1675066,898.9314574,919.6952897,940.4591356,961.2230352,981.9868516,1002.750706,1023.514523,1044.278422,1065.042239,1085.806064,1106.569966,1127.333792,1148.097658,1168.861513,1189.625319,1210.389225,1231.153091,1251.916892,1272.680756,1293.444563,1314.208475,1334.972372,1355.736243,1376.500175,1397.264096
44,277.1096777,284.3146507,291.5195907,298.7246016,305.9296014,313.1345832,320.3395882,327.5445825,334.7495332,341.9545337,342.1699111,344.5349962,346.9001134,349.2652273,360.3705648,371.4758928,382.581126,393.6864826,404.7917074,415.8970703,427.0023606,438.1076711,449.212959,460.3182582,471.4236158,482.5288938,493.6342037,504.7395161,515.8447804,526.9501612,538.0554466,549.160753,560.2660026,571.3713456,582.4766163,593.5819201,604.6872887,615.792567,626.8979122,638.0032135,649.1085791
41,320.9336717,329.1777092,337.4216551,345.6656688,353.9097006,362.1537325,370.3976848,378.6416921,386.885724,395.1297438,395.3679421,398.0803629,400.7927638,403.5050849,415.4271438,427.3492217,439.2712622,451.1933397,463.1153187,475.0374321,486.9594971,498.8815316,510.8034927,522.7255533,534.6476472,546.5697301,558.4916913,570.4137682,582.3358033,594.257924,606.1799154,618.1019565,630.0239475,641.946142,653.8681095,665.7900829,677.7122986,689.6342349,701.5564048,713.4782883,725.4003759
38,357.2235405,366.7780222,376.332468,385.8870165,395.4415031,404.9959489,414.5504097,424.1048845,433.659407,443.2138746,443.4549401,446.4927911,449.5307498,452.5686518,465.3944026,478.2201252,491.0457838,503.8714855,516.6972433,529.5229497,542.3485958,555.1743558,568.0000375,580.8258068,593.6514616,606.4772391,619.3029041,632.1285906,644.9543095,657.7800201,670.6057855,683.4314683,696.2571161,709.0828534,721.9086176,734.734346,747.5599801,760.385726,773.2113877,786.0371998,798.8628348
43,766.4349539,787.4249695,808.4150218,829.4050264,850.3950591,871.3850891,892.3751278,913.3651559,934.3552037,955.3452471,955.8618459,962.5068191,969.1519602,975.7969536,998.9772798,1022.157623,1045.338127,1068.518452,1091.698801,1114.879213,1138.059639,1161.240069,1184.420305,1207.600697,1230.781067,1253.961582,1277.141804,1300.322428,1323.502644,1346.68298,1369.863455,1393.043794,1416.224127,1439.404456,1462.584913,1485.765515,1508.945994,1532.126156,1555.306685,1578.487058,1601.667557
42,403.5001448,414.8772594,426.2543844,437.6315328,449.0086893,460.3857937,471.7629383,483.1401098,494.5172323,505.8943726,506.1594234,509.6399569,513.1205517,516.6010638,530.8437236,545.0863882,559.3290262,573.5716431,587.8143516,602.057019,616.299624,630.542304,644.7849139,659.0275905,673.270201,687.5129026,701.7555027,715.9982158,730.2408077,744.4834898,758.7261329,772.9687633,787.2113974,801.4540926,815.6967737,829.9394197,844.1820155,858.4246562,872.6673632,886.9100453,901.1526289
45,598.7903116,615.6263305,632.4624072,649.2984367,666.1344825,682.9705262,699.8065415,716.6426078,733.4786472,750.3147088,750.7284802,755.9319956,761.1355425,766.3389855,785.5801528,804.821293,824.0625363,843.3036104,862.5447384,881.785889,901.0270421,920.2682097,939.5092944,958.7504832,977.9915463,997.2327236,1016.47395,1035.71503,1054.956248,1074.197325,1093.438469,1112.679606,1131.920848,1151.162002,1170.403109,1189.644199,1208.885445,1228.126386,1247.367739,1266.608917,1285.84993
46,346.1428501,355.3871234,364.6314395,373.8757419,383.1200215,392.3643495,401.6086319,410.8529265,420.0972077,429.3415335,429.599684,432.5701882,435.540688,438.5112568,451.4228476,464.3344519,477.2460952,490.1577062,503.0693548,515.9810211,528.8926663,541.8042543,554.7158326,567.6275383,580.5391203,593.4508262,606.3624183,619.2740988,632.1856795,645.0973333,658.0089941,670.9205792,683.8321812,696.7439425,709.6555235,722.5671671,735.4785963,748.3903694,761.3020371,774.213658,787.1252962
47,730.3664584,750.9797678,771.5932139,792.2065956,812.81993,833.4333595,854.0466954,874.660138,895.2734598,915.8868551,916.3790305,922.7491792,929.119409,935.4895225,957.8376043,980.1854242,1002.533597,1024.881586,1047.229484,1069.577444,1091.92544,1114.273517,1136.621433,1158.969368,1181.317287,1203.665364,1226.013442,1248.361332,1270.709447,1293.057031,1315.405427,1337.753035,1360.101473,1382.449131,1404.797378,1427.144907,1449.493502,1471.840961,1494.18946,1516.537208,1538.885387
48,488.3517573,501.3444776,514.337205,527.3299502,540.3226467,553.3153763,566.3081168,579.3008574,592.2935662,605.2862971,605.6533525,609.8528264,614.052187,618.2516023,634.7562307,651.2609216,667.7656678,684.2703096,700.7749898,717.2796803,733.7843832,750.2890475,766.7937798,783.2984816,799.8031369,816.3078337,832.8125259,849.3172347,865.8219207,882.3266163,898.8313264,915.3359936,931.8406871,948.3454208,964.850023,981.3547277,997.8594143,1014.364122,1030.868824,1047.373472,1063.878132
49,316.2849288,324.293255,332.301633,340.3099766,348.3183415,356.3266833,364.3350499,372.3434154,380.3517535,388.3601263,388.607655,391.3042989,394.0009672,396.6975869,408.8615578,421.025545,433.1894956,445.3535083,457.5174449,469.6814355,481.8453831,494.0093592,506.1733447,518.3373009,530.501215,542.6652432,554.8292004,566.9932001,579.1571514,591.3211241,603.4851194,615.6490418,627.8130232,639.9770087,652.1409621,664.3049008,676.4688664,688.6328057,700.7968253,712.9607793,725.1247272
55,858.4872544,882.2850714,906.0829363,929.8807152,953.6785041,977.4763499,1001.274174,1025.071978,1048.86975,1072.667579,1073.238826,1080.72486,1088.210849,1095.696904,1121.565414,1147.434038,1173.3026,1199.171142,1225.03972,1250.908234,1276.777005,1302.645426,1328.513998,1354.382651,1380.25128,1406.119884,1431.988271,1457.856982,1483.725289,1509.594209,1535.462789,1561.331155,1587.199775,1613.068226,1638.936878,1664.805666,1690.67403,1716.542694,1742.411121,1768.279858,1794.148319
52,459.9033442,471.4436548,482.9839483,494.5242675,506.0645552,517.6049408,529.1452572,540.6855401,552.225865,563.7661639,564.1340183,568.0453636,571.9567636,575.8680191,591.5713632,607.2746468,622.9779284,638.681314,654.3845681,670.0879712,685.7913176,701.494565,717.1979668,732.9012224,748.6045664,764.3078791,780.0112222,795.7145783,811.4178946,827.1211395,842.8244993,858.527884,874.2311547,889.934501,905.6379517,921.341234,937.0444547,952.7478065,968.451084,984.1544254,999.8577228
51,767.7748593,788.884861,809.9948676,831.1049313,852.2149395,873.3249569,894.4349707,915.5449213,936.6550181,957.7650036,958.3056138,964.9749612,971.644366,978.3136817,1001.751643,1025.189802,1048.627818,1072.065789,1095.503805,1118.94185,1142.379977,1165.817872,1189.25605,1212.694081,1236.1321,1259.570191,1283.008257,1306.446396,1329.883941,1353.322173,1376.760218,1400.198372,1423.636471,1447.074451,1470.512674,1493.950765,1517.388246,1540.826785,1564.264446,1587.702529,1611.140687
54,727.4145971,747.0212729,766.6279898,786.2347414,805.8414463,825.4481486,845.0548874,864.6615683,884.268293,903.8750083,904.4035589,910.6954945,916.9873624,923.2791194,945.8095702,968.3401088,990.8706075,1013.401058,1035.93151,1058.462001,1080.992482,1103.522873,1126.05346,1148.583905,1171.114277,1193.644735,1216.175294,1238.705737,1261.2361,1283.766729,1306.297143,1328.827759,1351.358144,1373.888564,1396.419276,1418.949638,1441.479865,1464.010453,1486.540978,1509.071234,1531.601711
50,271.8669896,278.7954561,285.7239175,292.6523673,299.5807995,306.5092712,313.4377061,320.3661527,327.294622,334.2230684,334.4331308,336.7352754,339.0374228,341.3395668,352.0357371,362.7318993,373.4279929,384.1241613,394.8202877,405.5164608,416.2125779,426.9087558,437.6048843,448.301051,458.9972058,469.6933768,480.3894577,491.0856571,501.7817442,512.4779257,523.1740595,533.8702089,544.5663579,555.262536,565.9586328,576.6547888,587.3509183,598.0470939,608.7432035,619.43935,630.1355536
57,543.5210178,556.7732151,570.0254182,583.277651,596.5298428,609.7820378,623.0342758,636.2864714,649.5386406,662.7908359,663.2277491,667.8362985,672.4447158,677.0533547,694.829121,712.6050218,730.3808391,748.1566833,765.9325381,783.7084603,801.4842861,819.2601381,837.0359356,854.8118962,872.5876757,890.363555,908.1393276,925.9152277,943.6911191,961.4670119,979.2428349,997.0187182,1014.794557,1032.570408,1050.346272,1068.122023,1085.897927,1103.673856,1121.449692,1139.225438,1157.001319
64,862.1583122,886.103034,910.047834,933.9925897,957.9372448,981.8820606,1005.826776,1029.771478,1053.716264,1077.660945,1078.223463,1085.743131,1093.263059,1100.782744,1127.200699,1153.618818,1180.036894,1206.454975,1232.873049,1259.291041,1285.709174,1312.12736,1338.545039,1364.963112,1391.381158,1417.799253,1444.217488,1470.635597,1497.053644,1523.471856,1549.889355,1576.307619,1602.725738,1629.14384,1655.562087,1681.980079,1708.398064,1734.815739,1761.233886,1787.651986,1814.069937
53,327.3407993,335.4960539,343.6513209,351.8065425,359.9617883,368.1170318,376.2723123,384.4275691,392.5827777,400.7380373,400.9887648,403.7648533,406.5409167,409.3169561,421.6204071,433.9238767,446.2273437,458.5308002,470.8342359,483.1377397,495.4411759,507.7446723,520.0480957,532.3515816,544.6549922,556.958493,569.2618925,581.5654069,593.8688797,606.1723184,618.4757994,630.7792606,643.0827049,655.3861787,667.689635,679.9930826,692.2965259,704.5999911,716.9034638,729.2069277,741.5103858
58,236.5841718,242.5047465,248.4253484,254.3458665,260.2664591,266.1870059,272.1075814,278.0281348,283.9487357,289.8693013,290.0642019,291.9814419,293.8986876,295.8158889,304.1885942,312.5613157,320.9339707,329.306698,337.6793983,346.0521577,354.4248333,362.7975172,371.17025,379.5429429,387.9156548,396.2883727,404.6610577,413.0337501,421.406494,429.7791847,438.151944,446.5246178,454.8973748,463.2700208,471.6427419,480.0154631,488.3881378,496.7608639,505.1335731,513.5062811,521.8789544
61,532.6829259,545.4461983,558.209395,570.9725793,583.7358149,596.4990379,609.2622564,622.0255075,634.7887123,647.55191,647.970711,652.4715187,656.972185,661.4730672,678.9919789,696.510951,714.0299716,731.5489055,749.0679521,766.5869561,784.1059039,801.6248433,819.143877,836.6628474,854.1818605,871.7007842,889.2198057,906.7387171,924.2577483,941.7767472,959.2957788,976.8147092,994.3337528,1011.852694,1029.37156,1046.89063,1064.409577,1081.928588,1099.447597,1116.966546,1134.485557
56,320.1309566,328.1540988,336.1772254,344.2003442,352.2235009,360.2466275,368.2697557,376.292915,384.3160428,392.3391624,392.5908811,395.2792729,397.9676542,400.6560121,412.26094,423.8658875,435.4707888,447.0757143,458.6806329,470.285575,481.8904507,493.4954302,505.1003184,516.7052591,528.3101921,539.9151165,551.5199879,563.1249399,574.7298459,586.3347872,597.9396995,609.5446278,621.1495226,632.754487,644.3594044,655.9643444,667.5692307,679.1741651,690.7790915,702.3839392,713.9889553
60,202.2883508,207.0865994,211.8848433,216.683079,221.4813134,226.2795483,231.0777987,235.8760264,240.6742833,245.4724798,245.6357325,247.2248863,248.8140073,250.4031788,257.4355452,264.4678169,271.5001231,278.532503,285.5647679,292.5971235,299.6294151,306.6617453,313.6940638,320.7263636,327.7586779,334.7910278,341.8233015,348.8556243,355.8879477,362.920301,369.9526304,376.984906,384.0172681,391.049534,398.0819082,405.1142147,412.1465403,419.1788568,426.2112099,433.2434896,440.2757691
75,939.7058933,965.4417367,991.17746,1016.913261,1042.649098,1068.384836,1094.120681,1119.856483,1145.592194,1171.328068,1171.947773,1180.155906,1188.364024,1196.572061,1225.103012,1253.633986,1282.164696,1310.695831,1339.226489,1367.757633,1396.288416,1424.819505,1453.350176,1481.881105,1510.412247,1538.942901,1567.474088,1596.004719,1624.536071,1653.066678,1681.597409,1710.128518,1738.65916,1767.190335,1795.720947,1824.252282,1852.783114,1881.314068,1909.844899,1938.375625,1966.906742
122,353.2472141,362.0033652,370.7595624,379.5157496,388.27192,397.0281135,405.7843138,414.5404443,423.2966514,432.0528471,432.3620708,435.2922554,438.2225094,441.1526677,454.1022903,467.0518705,480.00145,492.9510405,505.900652,518.8502351,531.7998021,544.7493487,557.6989926,570.6485869,583.5981675,596.5477434,609.497301,622.4469078,635.3964896,648.3461147,661.2956716,674.245278,687.1948265,700.1444576,713.094053,726.0436238,738.9932109,751.9427739,764.8923913,777.8419903,790.7916045
129,526.0935795,539.7119741,553.330429,566.9488415,580.5673387,594.1857368,607.8041911,621.4225921,635.0410413,648.6595044,649.0894363,653.5807542,658.0719762,662.5633561,681.0824796,699.6016218,718.1208811,736.6400719,755.1592375,773.6784682,792.197614,810.7168082,829.2359956,847.7551477,866.274331,884.7935694,903.3127406,921.8318807,940.351041,958.8703051,977.3894143,995.9086368,1014.42779,1032.946979,1051.466098,1069.985327,1088.504504,1107.023657,1125.542949,1144.062028,1162.581339
142,1522.887813,1566.338541,1609.789176,1653.240192,1696.691117,1740.141726,1783.592211,1827.042827,1870.493996,1913.944674,1914.907273,1928.495457,1942.083789,1955.672136,2002.011966,2048.352387,2094.692735,2141.03251,2187.373242,2233.713007,2280.053317,2326.393677,2372.733686,2419.073768,2465.414356,2511.754279,2558.09426,2604.434784,2650.774884,2697.114815,2743.455123,2789.795286,2836.135442,2882.475968,2928.815813,2975.155965,3021.496203,3067.836337,3114.176933,3160.516888,3206.856722
133,565.1582925,579.5182304,593.8782044,608.238237,622.5982524,636.9581995,651.3182162,665.6781579,680.0381161,694.3981272,694.9074264,699.7196287,704.5318464,709.3441312,729.4308638,749.5175714,769.6044164,789.6912126,809.7780352,829.8647641,849.9515179,870.0382333,890.1249955,910.211748,930.2984935,950.3852981,970.472073,990.5589158,1010.645638,1030.732429,1050.819098,1070.905885,1090.992743,1111.079373,1131.166241,1151.252944,1171.339747,1191.426506,1211.513284,1231.600067,1251.686874
134,707.0660307,725.1017895,743.1375094,761.1732553,779.2089633,797.244736,815.2804288,833.3161949,851.3519142,869.3876682,869.9506165,876.0243055,882.0979879,888.1716929,912.4308583,936.6899761,960.9491554,985.208282,1009.46742,1033.726586,1057.985732,1082.244814,1106.504034,1130.763208,1155.022239,1179.281472,1203.540675,1227.799697,1252.058766,1276.318045,1300.57719,1324.836386,1349.095263,1373.354766,1397.61384,1421.873025,1446.13219,1470.3912,1494.650469,1518.909547,1543.168709
138,1351.959942,1389.679106,1427.398377,1465.117742,1502.836866,1540.556257,1578.275429,1615.994715,1653.713946,1691.433108,1692.332857,1704.316741,1716.300605,1728.284366,1769.970373,1811.656495,1853.342571,1895.028676,1936.714636,1978.400825,2020.087143,2061.773067,2103.459117,2145.145058,2186.831149,2228.517232,2270.203338,2311.889402,2353.575802,2395.261719,2436.94776,2478.633742,2520.319941,2562.006034,2603.691856,2645.37795,2687.064311,2728.750192,2770.436327,2812.122457,2853.808467
144,1672.187135,1722.021127,1771.855524,1821.690142,1871.524266,1921.358568,1971.192648,2021.027082,2070.861617,2120.69559,2121.656711,2136.738829,2151.820493,2166.903003,2216.903165,2266.902868,2316.903387,2366.903341,2416.903547,2466.90395,2516.904086,2566.904428,2616.904484,2666.904918,2716.904918,2766.904814,2816.905153,2866.905224,2916.90553,2966.905669,3016.905717,3066.906056,3116.906392,3166.906425,3216.906714,3266.907046,3316.906834,3366.906929,3416.907429,3466.907598,3516.907483
136,1195.836579,1229.875614,1263.914614,1297.953474,1331.992426,1366.031616,1400.070682,1434.109737,1468.148868,1502.187429,1502.952663,1513.573885,1524.195324,1534.816519,1573.109016,1611.401174,1649.693495,1687.98622,1726.278295,1764.570664,1802.863161,1841.155431,1879.447652,1917.739919,1956.032142,1994.324472,2032.616786,2070.909113,2109.20183,2147.49414,2185.786233,2224.078671,2262.370961,2300.663294,2338.955628,2377.247737,2415.540304,2453.832358,2492.124482,2530.417499,2568.709451
139,1124.265591,1156.126988,1187.988388,1219.849838,1251.711253,1283.572691,1315.434137,1347.295605,1379.156945,1411.018345,1411.748147,1421.709329,1431.670905,1441.632016,1478.361436,1515.090961,1551.820326,1588.550047,1625.279381,1662.008866,1698.738366,1735.467728,1772.197143,1808.926533,1845.656143,1882.385541,1919.115003,1955.844441,1992.573927,2029.303484,2066.032615,2102.762303,2139.491462,2176.221139,2212.95058,2249.679876,2286.409363,2323.139136,2359.868241,2396.597641,2433.326881
146,1498.524592,1540.968996,1583.413378,1625.857731,1668.301834,1710.746457,1753.190765,1795.635067,1838.079222,1880.523833,1881.40718,1894.737563,1908.068363,1921.398993,1968.511345,2015.623589,2062.735757,2109.848519,2156.960524,2204.07305,2251.185424,2298.297808,2345.410092,2392.522393,2439.6348,2486.747484,2533.859356,2580.97178,2628.08411,2675.196666,2722.30892,2769.421349,2816.53356,2863.646262,2910.758496,2957.870789,3004.982994,3052.095213,3099.207567,3146.320003,3193.432493
145,1772.209276,1823.719176,1875.229213,1926.739645,1978.249998,2029.759993,2081.270275,2132.78069,2184.290853,2235.800942,2236.806374,2252.718314,2268.630175,2284.542303,2336.732297,2388.922586,2441.113196,2493.303386,2545.493322,2597.683674,2649.873696,2702.063831,2754.254122,2806.444439,2858.634502,2910.824444,2963.014537,3015.204882,3067.395038,3119.584926,3171.775655,3223.965502,3276.156052,3328.346097,3380.536479,3432.726096,3484.916599,3537.106749,3589.296933,3641.487158,3693.677308
149,1463.740712,1505.421481,1547.102643,1588.783758,1630.46493,1672.14614,1713.827274,1755.508435,1797.189561,1838.870821,1839.75542,1852.761408,1865.767976,1878.774051,1926.536084,1974.298046,2022.059711,2069.822156,2117.583941,2165.345743,2213.107846,2260.869967,2308.631898,2356.393802,2404.15571,2451.917826,2499.679674,2547.441412,2595.203417,2642.965718,2690.727614,2738.489507,2786.251107,2834.013145,2881.775399,2929.537091,2977.299169,3025.06123,3072.823176,3120.585199,3168.346785
152,1835.364429,1889.455035,1943.545142,1997.635386,2051.72578,2105.815837,2159.906118,2213.996516,2268.086803,2322.177027,2323.229601,2339.769413,2356.309293,2372.849265,2427.821469,2482.793921,2537.766411,2592.738608,2647.710884,2702.68313,2757.655545,2812.627834,2867.600209,2922.572728,2977.545192,3032.516975,3087.489477,3142.461957,3197.434089,3252.406425,3307.378736,3362.351383,3417.32345,3472.295762,3527.268261,3582.240155,3637.212768,3692.185236,3747.157897,3802.129972,3857.101837
153,1528.98076,1570.143278,1611.305199,1652.467568,1693.630193,1734.792645,1775.955109,1817.117572,1858.279928,1899.442435,1900.427986,1913.847134,1927.266473,1940.685557,1991.088182,2041.490614,2091.893423,2142.295924,2192.698495,2243.100947,2293.503759,2343.906226,2394.308864,2444.711908,2495.114235,2545.517399,2595.919943,2646.322575,2696.725011,2747.127841,2797.530161,2847.932801,2898.335425,2948.737857,2999.14053,3049.543368,3099.9459,3150.348589,3200.751043,3251.153715,3301.556001
151,1668.571409,1716.990871,1765.409945,1813.828918,1862.247678,1910.666675,1959.085742,2007.504503,2055.923307,2104.342573,2105.301625,2120.247986,2135.19508,2150.141693,2201.86949,2253.596839,2305.324504,2357.052228,2408.779743,2460.507547,2512.234978,2563.962549,2615.690061,2667.417865,2719.145664,2770.873262,2822.600771,2874.328074,2926.055777,2977.783459,3029.511133,3081.238468,3132.966113,3184.69421,3236.421615,3288.149431,3339.876693,3391.604121,3443.331815,3495.059489,3546.787131
