GA_ID,1981,1982,1983,1984,1985,1986,1987,1988,1989,1990,1991,1992,1993,1994,1995,1996,1997,1998,1999,2000,2001,2002,2003,2004,2005,2006,2007,2008,2009,2010,2011,2012,2013,2014,2015,2016,2017,2018,2019,2020
73,283.1942656,283.8775707,283.0025794,281.8737791,282.4434565,282.5788425,283.8515489,282.6738577,283.2352238,283.6677197,283.8136565,282.5898059,282.7331226,283.2194771,282.4143368,282.3700783,283.6795322,283.7923954,284.4705263,283.4593482,283.6064461,282.8690156,283.1823646,283.2004769,283.8113333,284.5177463,283.8011999,283.1498489,283.5328194,283.1027259,283.5045946,282.8235857,283.9167622,284.0590414,284.1511274,283.4215317,284.4862185,283.6168673,283.7893717,286.3521422
79,281.6521496,281.625539,281.3769398,281.4183356,281.7321487,281.4950591,282.1422554,281.4444887,281.9001227,282.3275658,282.1775067,281.5395971,281.9063237,282.3791631,282.2971381,281.6472743,282.2666957,282.7678246,282.2819842,282.3739776,282.3910676,282.6957285,282.1218761,282.2293956,282.2941486,282.9027834,282.4652731,282.2411469,282.7281099,282.1086736,281.7610665,281.9113467,282.8487486,282.2789986,282.4770232,282.6777647,282.3679299,282.5656162,282.2165109,283.3432412
80,283.4728249,283.5576412,282.8382906,282.7164327,282.8128507,283.072656,283.9862354,283.0440262,283.2619796,283.6299762,283.6596722,283.0001253,283.0917512,283.5189573,284.12699,283.0457288,284.3616726,284.4096137,284.4968559,284.3086891,284.3160131,284.2047149,283.7311149,284.143439,284.1968942,284.70793,284.554436,284.2273388,284.6961933,283.9187904,283.9729422,283.6800555,284.8490346,284.2534055,284.5031865,284.8797593,284.6938986,284.6199171,284.4458802,285.8613752
71,283.07174,283.7892211,282.9006851,281.853404,282.1611597,282.9897138,283.6739531,282.8777919,283.5134728,283.726924,283.5870305,282.9874016,283.0789415,283.3116133,282.2769644,282.4289995,283.6897829,284.200496,284.532096,283.3914288,283.8611544,283.6385161,283.1711245,283.2410496,283.8048026,284.6064239,284.079977,283.107266,283.9600862,283.5485831,283.6114312,282.7485284,284.1143659,284.4360215,284.2268738,283.896375,284.9774108,283.7682381,284.3204964,286.7649402
81,282.8543436,283.6283998,282.7697441,281.9853619,282.139147,281.961378,283.8252933,282.5405113,282.7901022,283.1671998,283.8834294,282.5078362,282.789093,283.0692494,282.7033625,282.2506757,283.7802315,283.6599724,284.3291067,283.4979394,283.536752,282.9721408,282.8679713,283.2548705,283.7762112,284.4087353,283.9863214,283.422034,283.7869772,283.0126356,283.2220433,282.6346369,283.8544355,283.619124,284.1599821,283.6359805,284.1274274,283.7240972,283.4691303,286.1559901
78,284.742939,284.8325486,284.3430924,284.243318,284.4821288,284.6992429,285.1226254,284.5122523,284.7228552,285.0780565,285.261617,284.5707713,284.457539,285.3327213,285.7004249,284.7127686,285.7025476,285.7519705,285.5686379,285.4136036,285.6231653,285.9332893,285.1218569,285.6729179,285.6201782,286.2534058,285.7655347,285.494563,285.8137017,285.1688352,285.124302,285.0743674,286.3692028,285.8348764,285.7591252,286.4394697,285.9621775,285.7674582,285.5737069,286.9265935
88,282.9542738,283.0646529,282.3908664,282.3213005,282.379346,282.5372069,283.2720307,282.4480158,282.6997487,283.1865118,283.0775224,282.4801448,282.6122275,283.055918,283.7022207,282.6024771,283.9321088,283.8040741,283.7666094,283.5655069,283.6431085,283.6214473,283.1083594,283.6072464,283.6822057,284.1621928,284.0242825,283.4723045,284.1750408,283.4730257,283.3541177,283.0671391,284.3574883,283.6968853,283.7876488,284.1174638,284.0003815,283.9319191,283.8779502,285.4518925
77,283.3548184,283.9258746,283.0847054,282.0234933,282.3369057,283.2270452,284.0718555,283.0419971,283.6335318,283.9255793,283.9890959,282.8885965,283.5194796,283.3144339,282.3293256,282.4532227,283.6579466,284.3164056,284.610856,283.5784791,283.9723209,283.6497805,283.2499862,283.5826232,284.2857636,284.6158723,284.0682596,283.1575873,284.0930459,283.7692069,283.9980665,282.7250166,284.0935528,284.50174,284.3739338,284.0437653,285.0459145,283.6579649,284.5666061,287.3193416
85,279.9854221,280.8577476,280.0077084,279.0824908,279.4136007,280.3208494,280.9578824,279.920809,280.8728792,280.4698707,280.7870664,280.1691719,280.3841615,280.7152917,279.7407556,279.5314231,280.6891739,281.2630405,281.7568356,280.5848618,281.0703328,280.8947772,280.1069832,280.6216613,281.1998669,281.9795432,281.695747,280.4017372,281.4605783,280.6653038,281.0587407,279.6975253,281.2770129,281.7551399,281.7345748,281.2718743,282.2242196,281.0747138,281.480158,284.2173198
72,279.4469305,280.568755,279.48598,278.622829,278.841185,279.7523403,280.6095728,279.5883323,280.2403551,280.3066276,280.1749998,279.7937863,279.8459025,280.3610793,279.2531816,279.1797829,280.3647485,280.8920302,281.0845604,280.0128786,280.5451013,280.6946863,279.7372915,280.0973521,280.4707462,281.4854099,281.0087589,279.9033995,280.9448868,280.2784588,280.2246953,279.2374159,280.8904692,281.0492442,280.9876896,280.545772,281.2663877,280.4746314,281.006148,284.0071982
82,282.5046301,283.1127431,282.32999,281.1318241,281.6928558,282.402806,283.297284,282.1693384,282.9270578,283.1621115,283.2868239,282.2322785,282.5999363,282.6684972,281.6287951,281.662193,282.9378411,283.3567518,283.8986006,282.8668225,283.0816836,282.807224,282.4695752,282.8044616,283.392245,283.9255455,283.338133,282.44693,283.3065278,282.9082295,283.1802247,281.8990059,283.0590396,283.6557753,283.7434465,283.2054134,284.1832295,282.9241931,283.5287735,286.2633933
87,282.402829,283.1341596,282.3833128,281.1554508,281.6943179,281.6552864,283.3910594,281.7436435,282.1829618,282.579166,283.4433626,282.0295409,282.4513545,282.7626594,282.0972761,281.8335199,283.2907954,282.9618299,283.8095419,282.9163164,283.0941274,282.3643363,282.118926,282.7906953,283.0079326,283.8767773,283.3092487,282.6560206,283.1402114,282.4099872,282.7262336,281.7734785,283.3294526,283.4728234,283.8843335,282.9121635,283.4987366,282.8086348,282.7579362,285.9123547
89,282.0707016,282.5573594,281.965043,280.7393131,281.2941627,282.1357638,282.8987443,281.8766683,282.7649475,282.4825561,282.8293243,281.7264158,282.2250136,282.4379966,281.2884791,281.511502,282.4433013,282.9393528,283.6917468,282.4102174,282.9715689,282.3998827,281.8336315,282.4155121,283.0260107,283.6728554,283.3041133,282.1895903,283.0478364,282.6212329,282.8970873,281.4854315,282.8871954,283.6299322,283.6516359,283.2060451,284.2679971,282.8595927,283.3181119,285.9404706
90,282.137271,282.6707451,281.9715411,280.5657959,281.3677033,281.4940921,282.7611744,281.0789367,281.8240214,282.0771218,282.9888988,281.6467121,282.139092,282.4023522,281.6085622,281.2657283,282.6961242,282.4621298,283.6214868,282.7263797,282.7495233,281.9235093,281.6397925,282.3805012,282.5918259,283.6153098,282.8122503,282.1803676,282.6685837,282.2266658,282.6033266,281.4081157,282.6752278,283.0556022,283.4886155,282.4344323,283.1281325,282.2166221,282.342707,285.9844419
84,282.1038074,282.7161536,281.8912144,280.6597246,281.3375821,281.5766615,282.7121032,281.4290205,282.1562555,282.4342535,282.7928389,281.7676457,281.9642426,282.3027629,281.3019695,281.2558676,282.6308594,282.7153873,283.4936911,282.4631669,282.580912,282.0267493,281.8981676,282.2508307,282.5871009,283.4904926,282.8160592,282.062863,282.6591392,282.1904837,282.5376913,281.490521,282.6777128,283.0079045,283.3224677,282.5166099,283.4126681,282.4317823,282.6441729,285.4803428
93,286.1564212,286.2168589,285.6568383,285.5356223,285.8279573,286.0452984,286.5077015,285.9508222,286.1207722,286.4979786,286.8168138,286.0821946,285.8048379,286.8044324,287.1469624,286.0455833,287.3879829,287.3357325,287.1538447,286.940311,287.1309677,287.6124874,286.6458372,287.092571,287.0709602,287.8730298,287.3869375,286.8673047,287.3504675,286.8220991,286.6481539,286.5317857,288.0628442,287.4011011,287.2176572,287.9459273,287.3947459,287.4425815,287.2416238,288.4499232
83,282.3933282,282.7494942,282.0749423,281.5995291,281.6999939,281.5892171,282.9766506,282.0147276,282.1416991,282.440802,282.8327411,281.9733138,282.0183949,282.440843,282.65607,281.8735485,283.0573482,283.1840878,283.6755454,283.1208236,283.1152012,282.7666387,282.4417454,282.7325303,283.0733134,283.5699462,283.5132734,283.0171145,283.4498498,282.641636,282.6201943,282.3893849,283.3184468,282.9081565,283.4639683,283.3202991,283.5028773,283.2586561,283.112631,284.9367032
97,278.3329832,278.9377628,278.2763501,277.3761147,277.5942694,278.4876872,279.5680933,278.2377447,279.2884939,278.9236753,279.06317,278.5217538,278.703322,279.2885683,278.4024575,277.9317966,278.9139994,279.5579459,280.0805775,278.8265207,279.3520072,279.3706837,278.6494445,278.8640137,279.1178447,280.1405104,280.3128127,278.867053,279.7926564,279.1245374,279.1535611,278.3411524,279.7715389,280.0719295,279.9562767,279.5813375,280.5483958,279.47688,279.6192811,282.292955
95,283.2554898,283.3347567,282.7823233,282.6935332,282.7385697,282.8995957,283.4845533,282.8167876,283.0197972,283.5624328,283.3362669,282.7368294,282.9612875,283.5018352,284.0503826,282.924268,284.2825029,284.0637128,283.9954825,283.8178686,283.9801011,284.1417737,283.4528339,283.9621247,283.9804305,284.6095355,284.3579436,283.7730074,284.499205,283.966936,283.670917,283.4005946,284.6578974,284.0122832,284.0550947,284.472449,284.3491775,284.3615243,284.275771,285.7488362
94,282.9243872,283.0213432,282.2936183,282.1593989,282.3060923,282.3474806,283.3509066,282.4705796,282.7620893,283.0580557,283.0596558,282.44927,282.5282879,282.9366332,283.4731562,282.4994756,283.8693296,283.7999233,284.0436167,283.8741067,283.6838627,283.7191993,283.1728045,283.4512762,283.7498097,284.1286914,284.0334942,283.5231861,284.1684474,283.512737,283.3012752,282.9577553,284.2681645,283.5551029,283.9739733,284.0429776,284.0611785,283.9558793,284.0164441,285.3996196
92,282.9812875,283.6915441,282.9637631,281.9363756,282.2830507,282.3376397,283.9459285,282.5458725,282.8656267,283.1806915,284.0036652,282.7088697,283.0297288,283.3488758,282.9311881,282.5220819,283.9808479,283.8012998,284.6450555,283.7957645,283.8337616,283.0992299,282.8577093,283.6037582,283.8964016,284.5684858,284.0584277,283.4850502,283.9112121,283.1742834,283.3522033,282.5609764,283.8539111,284.1243092,284.5347562,283.7039746,284.1666711,283.7140907,283.7663059,286.7454725
98,281.2205016,281.7837107,281.0336683,279.796441,280.458551,281.0292973,281.9381027,280.5192106,281.5418194,281.4718262,282.0822505,281.0721546,281.3258115,281.8783295,280.7453529,280.5780337,281.8171394,281.8849332,282.9344013,282.0673999,282.0963177,281.5338127,280.9234661,281.6690753,281.8878702,282.8827037,282.2993293,281.4316832,282.178049,281.8122539,281.8404527,280.8014863,281.8782194,282.4079733,282.7173948,281.9370041,282.6152037,281.7706968,282.0271363,285.0098702
99,283.3389458,283.791788,283.041316,282.562675,282.8257244,282.7341674,284.1534463,283.0257007,283.3379577,283.5154478,283.8008952,283.0157763,283.0987828,283.6864856,283.8071703,282.9698299,284.4201035,284.4584199,285.1623606,284.2677978,284.3001395,284.0216667,283.4879326,284.0817161,284.4281804,284.913914,284.6553667,284.0060719,284.6549087,283.8134063,283.6794283,283.1897634,284.4209195,284.2279407,284.7774632,284.3745853,284.626519,284.5076342,284.5870001,286.6496128
101,284.3394106,284.4448632,283.6797691,283.5645292,283.6923406,284.0008434,284.6186933,283.9071729,284.1292489,284.6682931,284.4717719,283.8281401,283.9688385,284.5798708,285.2061626,283.9638013,285.541887,285.1386461,285.3317708,285.1261127,285.1983708,285.4937731,284.5780341,284.9519156,285.2649042,285.9167099,285.5566649,285.0591948,285.7460979,285.1927458,284.8842209,284.6442307,285.9239097,285.3251954,285.4343777,285.7920136,285.6776087,285.7351734,285.7466435,287.0138682
100,280.1547908,280.5449058,279.9684817,278.8304096,279.3269955,280.1882417,281.2196847,279.916845,280.8946621,280.4710802,280.8532191,279.9589727,280.1935559,280.8439448,279.8064083,279.5988376,280.4435854,281.0123531,281.8710921,280.6794415,281.1364413,280.851536,280.0851643,280.443513,280.9847581,281.9034239,281.8650314,280.4670742,281.3461389,280.8205933,281.0217259,279.9489652,281.0932268,281.7245168,281.875496,281.4545937,282.4229404,281.0996991,281.2883387,283.9474426
91,282.8928709,283.1102045,282.4628312,282.1483052,282.2430282,282.2131821,283.4537335,282.4978388,282.6678777,282.9002676,283.1338917,282.4227812,282.4869658,282.9686891,283.3333801,282.3915024,283.6615398,283.7884414,284.2944967,283.7580491,283.6748722,283.4186887,282.9906186,283.3388694,283.6536035,283.965144,284.0213951,283.5010999,284.0537116,283.3124491,283.1517365,282.8642848,283.9587825,283.4464705,284.0211121,283.8949932,284.0090556,283.8796715,283.8137074,285.3669026
107,284.156405,284.4852637,283.6982254,283.3588545,283.6431694,283.498397,284.6703115,283.7357552,284.2281278,284.321566,284.3124692,283.7707996,283.8741574,284.4613053,284.5718478,283.7347245,285.2884528,285.3447205,285.8907463,285.1352171,285.1421089,285.1235696,284.349781,284.8247258,285.3229711,285.76489,285.450773,284.8854452,285.4826525,284.7875742,284.6501714,284.223766,285.3815791,285.0345629,285.5793575,285.2754067,285.5029155,285.6728135,285.7181683,287.2674141
106,283.6143093,283.755538,283.0080122,282.8725193,283.0564474,283.1524049,283.9144071,283.1525891,283.4615607,283.8569828,283.7225218,283.1339794,283.3474967,283.7755593,284.1499475,283.1528576,284.7174521,284.5051926,284.6499386,284.3120826,284.3107957,284.5231148,283.7193174,284.1963859,284.4704948,285.0113375,284.7855232,284.2942341,284.9484716,284.3166557,283.994853,283.7607454,284.9820715,284.3438111,284.6803117,284.6830522,284.7949182,284.9092739,284.9806734,286.2313099
104,281.9611715,282.4060665,281.7131972,280.4108251,281.2350317,282.1119389,282.9330437,281.5915104,282.6079806,282.1795434,282.630351,281.7657551,282.0877119,282.6670425,281.4542578,281.3713572,282.3289008,282.6961557,283.7227832,282.74212,283.0322234,282.4743199,281.5328218,282.3813269,282.9333908,283.704593,283.3484054,282.3567708,283.0970839,282.7781483,282.9520195,281.4400383,282.5375638,283.4113803,283.711837,283.0740088,283.6968582,282.7951463,283.0306986,286.0583872
102,282.0190085,282.5805995,281.8624435,280.5652948,281.3167347,281.6715784,282.7159836,281.2202561,281.9560864,282.0647169,282.7927208,281.8314128,282.0340167,282.5649155,281.796483,281.4477051,282.740647,282.7521359,283.8471267,283.0310232,283.0272087,282.2045555,281.6932471,282.6054072,282.7984053,283.9163062,283.0281194,282.3811334,282.930147,282.3889345,282.7909308,281.6896043,282.5974928,283.3311659,283.6137923,282.7257372,283.1786201,282.4156164,282.9719742,286.2660999
96,283.1293951,283.2143855,282.9566798,282.9164461,283.1798442,283.0723293,283.618456,283.1015756,283.3748473,283.8533623,283.6819977,283.1316166,283.3560566,283.8742776,283.9335767,283.0639639,284.0579265,284.3970692,283.9483059,283.8657896,283.9949405,284.2874572,283.6367955,283.9575148,283.9095031,284.6283445,284.3150823,283.8458345,284.3819966,283.7865337,283.4853342,283.5805875,284.6575904,284.1134242,284.0233029,284.4416554,284.0602689,284.2572327,283.9735803,285.1736769
105,286.9389657,287.087029,286.3094834,286.0363933,286.4390821,287.0301069,287.4496188,286.6781538,286.7865172,287.5052208,287.5601162,286.6919063,286.5720448,287.610434,288.3134044,286.7271134,288.458168,287.9216211,288.2644046,287.8320278,288.0632955,288.6202344,287.1849764,287.8953391,288.1702596,288.9043908,288.4262804,288.13903,288.5557953,287.9004501,287.5696932,287.6087473,289.279024,288.4737369,288.2513529,289.016997,288.5344881,288.7603627,288.7630092,289.8468162
109,282.0392787,282.4984544,281.8320678,280.7884258,281.4070844,281.8777498,282.8153762,281.5667134,282.4821655,282.2630296,282.5355359,281.9963018,282.1067435,282.8771932,281.9225711,281.6931312,282.8748816,283.0417191,283.8542068,283.1771955,283.2622457,282.7256281,281.8715749,282.7396314,283.1440003,284.0848669,283.3129805,282.624531,283.2738017,282.6307757,282.8340974,282.0248412,282.8417331,283.4321606,283.6442512,282.9449315,283.480118,282.8082761,283.3262895,286.1782936
103,283.0511213,283.6603806,282.8685938,281.930846,282.4675035,282.5927317,283.9092844,282.5147427,283.1043623,283.2577031,283.7674761,282.8503684,282.9125754,283.5708247,283.1791028,282.678933,284.1555302,284.1423358,285.0915603,284.1249148,284.0975837,283.558917,282.9830017,283.883001,284.2063812,285.01091,284.207042,283.6069108,284.1917604,283.2583949,283.5360361,282.7024826,283.795705,284.3841239,284.7396647,283.9300185,284.3439813,283.8069789,284.2641315,287.2449344
113,281.6341972,281.8922311,281.2657533,280.3036513,281.0581116,281.7636064,282.5170075,281.3384479,282.3519882,281.8671045,281.9793968,281.555982,281.7390541,282.6262034,281.4200879,281.3463658,282.3325074,282.6259134,283.4197223,282.6928959,283.0080095,282.4850028,281.4198942,282.305488,282.7101676,283.5775481,283.1404992,282.2528678,282.9764165,282.5048391,282.6176486,281.6376025,282.5608791,283.1594934,283.4002468,282.7712075,283.2334944,282.5860283,282.9906323,285.7461297
119,285.9726806,286.0328298,285.305743,285.0688777,285.328256,285.8600142,286.116064,285.6369384,285.8211041,286.1799469,286.2868135,285.5886382,285.5761538,286.3691946,286.7196874,285.5912572,287.1783619,286.7227117,287.0159414,286.4782596,286.8663764,287.2502039,285.9679827,286.6306236,287.0409129,287.5109346,287.3446762,287.2594677,287.6347591,286.7502206,286.6034442,286.4914995,287.9391671,287.2250419,287.1103247,287.4962587,287.5007246,287.6734902,287.9712178,288.9224864
120,284.0730737,284.1453743,284.0577225,283.8729738,284.0582208,284.2439633,284.409577,284.1998932,284.1616592,284.6769868,284.5457287,284.0374686,284.1822588,284.7968448,285.0323439,283.9251686,284.9624155,285.2991349,284.9560708,284.722177,284.8876207,285.1185009,284.4335243,284.9811157,284.9411758,285.7478178,285.5245112,285.0214199,285.2150679,284.7312301,284.6946727,284.7437636,285.9392285,285.3778021,284.9820485,285.6383493,285.2209603,285.3085511,285.298879,286.6242692
115,284.2243409,284.2281175,283.4107881,283.3016196,283.4799371,283.6582825,284.2503687,283.7253965,284.0404059,284.2968127,284.2657375,283.5932765,283.7094156,284.3426561,284.5851818,283.6996689,285.1115156,284.9134866,285.1768803,284.6652668,284.8493904,284.9495862,284.2435153,284.5163397,285.1366309,285.5610304,285.4468804,285.0847241,285.5583899,284.828617,284.6428139,284.3571257,285.3867039,284.8749063,285.4536415,285.3051534,285.4767939,285.7234958,285.9054243,286.6738835
117,283.6359967,283.8169697,282.9938296,282.8355288,283.0429721,282.853238,283.9206923,283.1037715,283.6435409,283.7843056,283.6425999,283.0674228,283.2179523,283.8827861,283.8792637,283.1603303,284.5943908,284.585394,284.9208825,284.2229378,284.3374516,284.4084161,283.6695027,283.896218,284.6268153,285.018665,284.7401606,284.1746182,284.7898086,284.1709363,284.0386217,283.7527873,284.7356912,284.2394233,285.0293748,284.6979507,284.8999533,285.0514016,285.2614637,286.2567514
108,283.726689,284.1378744,283.530827,282.9152515,283.2892325,283.1209352,284.3932328,283.3803857,284.0844842,284.0599355,283.9814853,283.5346504,283.4050543,284.2306717,284.0362104,283.4470004,284.9352707,285.0638837,285.814849,284.7201002,284.9419924,284.6070881,283.919161,284.5570566,285.0312815,285.7462664,285.0364822,284.4743464,285.0011992,284.198386,284.1778173,283.7597078,284.7865504,284.9458785,285.3633492,284.7884398,285.1212748,284.9345204,285.2397942,287.4150548
112,284.3530621,284.7695204,283.9983092,283.528667,283.8431486,283.6112712,284.7649498,283.979716,284.7029672,284.6211436,284.4300513,283.9885828,283.9186541,284.749357,284.6602616,283.9777723,285.6081842,285.5848597,286.192313,285.3136409,285.4810075,285.3921317,284.5229135,284.9712543,285.5707292,286.1107364,285.6688059,285.0638968,285.6155583,285.0661825,284.999071,284.5430839,285.5876162,285.3441439,285.9881075,285.5574696,285.8131277,285.9893378,286.1398818,287.6482187
110,278.8481686,279.2340585,278.4239984,277.5581855,277.9023948,278.7903172,280.0094869,278.5283971,279.306822,278.9642822,279.089606,278.6883478,279.1428171,279.7867519,278.8856945,278.3445357,279.0257993,279.8718214,280.5319273,279.5724064,279.8816411,279.779067,278.9651788,279.2772616,279.5388075,280.6162367,280.8374215,279.237497,280.1904493,279.6081995,279.5962088,279.1693926,280.2790667,280.1612777,280.450271,280.0221076,280.746792,279.6917533,279.8116286,282.3701488
111,287.0238103,287.1964459,286.5035204,286.2948751,286.6505693,287.1161612,287.3530523,286.8653642,287.0261455,287.4872602,287.7160859,287.0318131,286.6265229,287.6933866,288.2252154,286.9361466,288.5703471,288.1629584,288.349287,287.8382665,288.2277058,288.6720272,287.316052,287.9750544,288.0815092,288.9415049,288.5531269,288.099254,288.5380251,287.8847897,287.6696666,287.7024051,289.3256201,288.5343166,288.2516464,288.9752981,288.5289918,288.5865576,288.8019033,289.7647096
125,285.5980784,285.6356298,285.3155428,285.0827559,285.2832486,285.7294367,285.7262686,285.4858554,285.5417338,285.7941511,285.8599344,285.5779896,285.4326989,286.2407806,286.6234755,285.375621,286.8037537,286.6316054,286.5389098,286.0939807,286.5987577,286.8531655,285.6484058,286.3983626,286.2913771,287.0829734,286.9573849,286.4563109,286.7961706,286.190206,286.1291346,286.2819693,287.7765666,287.0061108,286.5371352,287.2614338,287.0439293,286.8159691,287.2473605,288.3039578
123,284.3391128,284.3847749,284.1520376,284.0038493,284.1469749,284.4315565,284.6397819,284.3194496,284.3565174,284.7154783,284.7111871,284.3509361,284.333041,285.0260312,285.3048923,284.1756638,285.3467705,285.4814552,285.1816122,284.8259466,285.2305064,285.4893315,284.5850427,285.1646342,285.0664747,285.9087167,285.7060705,285.1718241,285.5131139,284.9528696,284.7961685,284.9596509,286.3800893,285.7003666,285.2406415,285.889216,285.6001341,285.5571356,285.6892739,286.8997307
132,285.2749736,285.2494542,284.8591538,284.6104837,284.8073094,285.2426597,285.3276204,285.0246526,285.1235582,285.3308091,285.3489025,285.0220053,285.1160587,285.7921401,285.9428238,284.9021722,286.4872257,286.1189167,286.1902598,285.6097111,286.1148681,286.274082,285.151772,285.9725309,285.9642451,286.4789434,286.4978787,286.144454,286.6097802,285.843957,285.7549717,285.7817541,287.2843406,286.4406065,286.2193917,286.7087867,286.6367174,286.4751013,286.9341234,288.1466697
128,280.4606008,280.8438836,280.4751616,279.7905785,280.1980759,280.1679428,281.3675625,280.4763304,281.2529003,281.1269522,281.093032,280.7582949,280.6260558,281.3018413,280.7038598,280.4173245,281.5595574,281.9668616,282.341638,281.2223879,281.5992174,281.4438504,280.9261258,281.1422746,281.3973217,282.2209161,281.831211,280.9883204,281.8473109,281.2766383,280.9644726,280.6900748,281.6895007,281.6623828,282.075569,281.5804484,282.0576212,281.6430337,282.2394397,283.6981835
127,279.4499355,279.8777952,279.5463615,278.9047669,279.3769913,279.2149309,280.4513025,279.6256447,280.3621838,280.2308913,280.122567,279.7221597,279.8252268,280.332867,279.889171,279.5477939,280.7159437,280.9950688,281.2032574,280.1972841,280.4964176,280.6103522,280.1947327,280.1631928,280.3857198,281.1296913,280.8129964,279.9821208,280.7626568,280.4263984,279.8542552,279.7049415,280.8597504,280.5769468,281.0430945,280.6198793,281.1249622,280.6269592,281.2321504,282.3679581
131,284.4191057,284.5725478,283.8847326,283.7326974,283.7363206,283.8869241,284.6351729,283.8277321,284.3790962,284.2222432,284.2776488,283.8413438,284.3109164,284.8515977,284.6287975,283.8255935,285.401052,285.4839656,285.8945906,285.0270419,285.0878,285.116297,284.3789021,284.6102218,285.3722705,285.7634709,285.5220606,284.9810754,285.6183011,285.0852373,284.988249,284.416731,285.4227878,284.9164181,285.9512096,285.34716,285.5840392,285.9448224,286.1955613,287.2567859
135,286.5073237,286.4412874,286.2940808,285.9314464,286.139919,286.7587918,286.6276256,286.4665668,286.3785678,286.5016984,286.4434125,286.393427,286.3833839,287.1536675,287.4234028,286.14992,287.6836971,287.3903872,287.3446068,286.9349795,287.4633914,287.5765064,286.2920417,287.3828838,286.9472571,287.7171761,287.7965761,287.4015702,287.601445,287.0113104,287.0383495,287.1007902,288.603433,287.876108,287.4756123,288.0709711,288.1467842,287.5737524,288.1834233,289.3511738
130,285.8518411,285.7841105,285.0715843,284.8488648,284.974758,285.4896118,285.8309956,285.2334027,285.5835896,285.7509187,285.802484,285.2667614,285.4501716,286.179477,286.20147,285.2793911,286.7930443,286.5386182,286.8912392,286.105519,286.3234457,286.7096395,285.6328242,286.138135,286.5696724,287.0825774,287.0529748,286.6894217,287.2489569,286.3900527,286.2902368,285.9359735,287.039886,286.4337204,286.9136561,286.9707137,287.1234352,287.3145579,287.5436551,288.5667419
124,283.3675738,283.535688,283.0254699,282.8311405,282.8912964,282.9808957,283.64578,283.015041,283.4418679,283.4802351,283.3026599,282.9137776,283.3071154,283.8464874,283.6474097,282.9850045,284.2865675,284.3146085,284.5868528,283.9249859,284.0867817,284.1280667,283.4446328,283.7385245,284.1540591,284.5418535,284.4083384,284.0219399,284.6987197,283.9680348,283.7715928,283.4836926,284.4653497,283.911228,284.5584059,284.2463236,284.4962203,284.6554529,284.9998962,285.9451163
116,280.805939,280.8968761,280.46306,279.5792726,280.2738816,281.120683,281.8603685,280.7483355,281.6572823,280.9975604,280.9814454,280.4978195,280.7466321,281.7677421,280.6460318,280.5711435,281.2718928,281.9568541,282.85896,281.6266932,282.127264,281.8645656,281.092018,281.3246501,281.7125953,282.9302347,282.9736907,281.4826713,282.2883507,281.976316,282.0894942,281.2073767,281.9904492,282.5285074,282.9768702,282.3455627,282.9537105,282.0488905,282.2961948,284.8012593
137,285.297243,285.1965873,285.2774839,285.0385084,285.1235878,285.5975793,285.6731324,285.4598789,285.2832681,285.7119137,285.5645278,285.3926529,285.3112426,286.0685671,286.3258692,285.0719427,286.1764853,286.4346464,286.1062545,285.9716404,286.2118711,286.3954501,285.3398865,286.1839637,285.9428106,286.7779152,286.6155712,286.2652396,286.279096,285.845407,285.877216,285.9874576,287.2387863,286.5086245,286.1120181,286.9201174,286.5119455,286.3688749,286.6818824,287.9751088
126,279.685164,279.8621384,279.5501704,278.7164853,279.3303165,279.6083103,280.6881562,279.6138341,280.586262,280.328467,280.2727973,280.1015794,279.8825526,280.7508259,279.9404964,279.617154,280.552502,281.2795771,281.6488079,280.6228255,281.0989214,280.8298455,280.1038872,280.5702452,280.6121782,281.5311185,281.3792431,280.2728769,281.2514226,280.5363747,280.4346672,280.0171407,280.8650333,281.2163601,281.4764255,280.9915756,281.4263944,280.782218,281.2943002,283.4098708
68,283.4458496,283.5535517,283.0573434,282.9059727,283.1843425,283.3020273,283.7606652,283.2608129,283.4113577,283.7997468,283.9005585,283.1589236,283.1804276,283.8495915,284.1380282,283.3803189,284.3187983,284.3443056,284.1033089,284.2498312,284.3312976,284.5631134,283.8939981,284.3599513,284.245953,284.9831129,284.5193214,284.3738953,284.6410527,283.900888,283.8215414,283.8083327,284.9101968,284.5248587,284.5503572,285.1275742,284.7819454,284.61149,284.2786057,285.5671736
62,283.8732743,284.5411879,283.7389087,282.7490187,283.0962077,283.7065059,284.6740217,283.5302388,284.2820326,284.7237317,284.598059,283.2968681,283.5701178,283.7577603,283.1507664,282.9546485,284.2395612,284.6971873,285.0117413,283.9769439,284.3555851,283.9922855,284.0268081,283.8135207,284.557014,285.265533,284.4124889,283.7901208,284.4264134,284.0551526,284.2809468,283.647404,284.5870743,284.6938065,284.6422056,284.3362401,285.1691091,284.4227529,284.8198836,287.6890077
63,284.3352635,285.092756,284.2200039,283.4995806,283.6906755,283.8731746,285.0425669,283.8844287,284.5114526,284.9717576,285.2271819,283.6843517,283.9114336,284.3858382,283.8120764,283.6405036,285.0245841,284.917709,285.4422588,284.8089899,284.7986917,284.0521218,284.4181732,284.581246,285.379312,285.8734232,285.112571,284.5784072,285.2267137,284.7166391,284.6900816,284.427178,285.6973103,285.1215295,285.3319013,284.8783598,285.5516905,285.0466657,284.9975821,287.7804409
74,283.7257251,283.8191372,283.093373,282.9631298,283.1698697,283.4573849,284.1382972,283.2725906,283.4369874,283.9677078,283.9513829,283.272216,283.3514744,283.8497194,284.490688,283.4371009,284.7165602,284.7609559,284.6593373,284.5520014,284.7055838,284.6488709,284.1265584,284.5469337,284.4928145,285.1206443,284.85292,284.6752691,285.0922312,284.2150588,284.199117,283.9777391,285.1939387,284.6498513,284.8185851,285.3150875,284.9996396,284.9602644,284.7581079,286.2257813
69,282.4430814,283.1294964,282.3727299,281.1956583,281.730165,282.2757387,283.2878951,282.0945601,282.7827662,283.2163907,283.1074636,282.059054,282.2257204,282.5547209,281.7106666,281.5679104,282.9765849,283.3717846,283.7090783,282.5869175,282.9184799,282.5591928,282.6147264,282.4887609,283.1868643,283.8728225,283.0946516,282.3731084,283.0685604,282.6221279,282.9482798,282.0923784,283.1472513,283.413023,283.3927403,282.9240437,283.8959305,282.9168559,283.4373356,285.9930462
70,282.6884108,283.0698628,282.1729846,281.7478268,281.8365989,281.8942057,283.3077917,282.0343096,282.1176061,282.5139847,283.0259147,282.064643,282.2255188,282.4761117,282.7691613,281.8673472,283.2235849,283.2090548,283.733539,283.4196523,283.3196929,282.9252565,282.5636753,282.9978241,283.1176417,283.802632,283.6523885,283.3031228,283.6808872,282.646906,282.955771,282.5960274,283.5528756,282.9793255,283.6431732,283.7065223,283.7465059,283.4349209,283.1281577,285.0863009
65,283.2638203,284.1234283,282.9573878,282.4601667,282.4262729,282.5089933,284.3151527,282.6676899,282.9705856,283.3848885,284.0740928,282.6594559,283.1312446,283.1432046,282.9852453,282.3387929,284.0294794,283.8981207,284.3342216,283.8181349,283.6394211,283.415182,283.2106838,283.4270781,284.1445697,284.9097412,284.1143238,283.8644636,284.3529871,283.3723808,283.5909648,283.2632272,284.2481451,283.5181201,284.3454178,284.2261606,284.3663577,283.9603225,283.6011401,286.5099881
59,279.4520657,280.5396473,279.5359398,278.5670068,279.0569125,279.697443,280.6481336,279.5467467,280.4204061,280.5993808,280.3026093,279.891095,279.6375617,280.1109773,279.0649977,279.1156523,280.4523648,280.7730883,280.7488376,279.95968,280.308635,280.5852676,279.7772445,279.8966274,280.2581857,281.3218607,280.7668947,279.8752132,280.7975582,280.1483449,280.0528012,279.1939996,280.7631868,280.7305754,280.729162,280.3600602,280.9788904,280.3738523,280.876992,283.8553654
66,282.4967652,282.7530966,282.0360827,281.8525211,282.0410107,282.082533,282.8727402,282.1266656,282.246154,282.800876,282.8557078,282.0483243,282.3037207,282.642664,282.9106421,282.0589404,283.3016306,283.3887684,283.3133751,283.2088623,283.3322319,283.3088124,282.7585905,283.3278276,283.0443919,283.7229108,283.4711195,283.4142021,283.7355517,282.910963,282.7991195,282.6929222,283.7233966,283.1157072,283.4303765,283.8013943,283.6927636,283.5116736,283.1409971,284.5622926
67,283.6822667,284.474399,283.5625702,282.8817449,283.0036944,283.0637633,284.6090153,283.2545659,283.7382348,284.187664,284.5663427,283.0859425,283.3804928,283.7272911,283.2426917,282.8954503,284.5089132,284.328357,284.8107042,284.0793608,284.0999498,283.5423942,283.6436564,283.9024203,284.7228273,285.1530703,284.522626,284.0229478,284.5789828,283.8832119,283.9047261,283.6778844,284.897367,284.2660051,284.6807817,284.3322407,284.7966102,284.5088989,284.1288921,286.9038176
76,283.1948665,283.9475205,283.0576406,282.2348238,282.5030009,282.3847648,284.0745872,282.7612214,283.144909,283.598099,284.0651397,282.6826411,282.853695,283.2701966,282.7131995,282.4610495,283.9682388,283.856398,284.4614812,283.5604105,283.7006495,282.9713919,283.1444923,283.3774857,283.9600317,284.5082153,284.0540665,283.4652292,283.8665409,283.1493324,283.4249844,282.9039717,284.3131653,283.9596584,284.2867055,283.6952105,284.407798,283.854591,283.572158,286.2584343
1,269.9000452,269.2037293,268.6921586,271.1145728,271.2558701,270.8686926,271.1952131,271.0861508,271.5329163,271.0366904,270.9826484,269.9487629,270.1326499,269.9423713,269.8039729,271.9380491,271.6586805,272.4055449,272.3470447,272.161944,271.6521768,271.5758252,270.5738192,270.4129536,270.8773278,271.9435816,271.2617317,271.1372747,272.5324941,272.3000959,270.5462831,270.8406573,271.5844368,271.4748633,270.9665463,271.2868251,272.2988895,272.9100457,272.151394,271.4332487
2,271.0477828,270.488178,269.5357306,271.2041146,272.0802149,271.8160665,272.2388712,272.0086596,271.4976253,270.7722659,271.6009033,270.1771375,269.9862224,270.285953,270.1681107,271.832209,271.0124133,271.2215285,271.8402908,271.264821,271.4256596,271.8152779,271.7326814,271.0659586,271.5210122,272.3070076,271.4388721,270.8403863,272.5331252,272.540756,271.4537905,270.3968697,272.0780617,271.7375499,272.0651831,271.9549113,272.3088446,272.8585777,272.0368107,272.4961864
6,272.099275,271.1032309,270.4443009,272.4369405,272.3951976,271.7572767,272.2389558,272.0852968,272.4536457,272.3889173,272.375422,271.6869033,271.8641093,272.0206298,271.6065206,273.4122859,273.0119856,273.8743716,273.5125979,273.1438879,272.9919077,272.9051025,272.015466,271.7728342,272.4223058,272.9834225,272.6963355,272.861575,273.5622577,273.1149606,271.4618702,272.0806469,272.8134627,272.6313204,272.0451621,272.6832681,273.5501031,273.8810002,273.4656707,272.7628185
3,268.3183343,267.6946629,267.5499731,268.9569175,270.4998759,269.7253853,270.0874036,269.517473,270.1142845,268.836701,269.1801975,268.472934,268.5412475,268.458516,269.1006778,269.6606716,268.715511,269.3505453,270.014719,270.4863813,269.2799681,269.2297124,269.5805954,269.3446187,269.1404814,269.6369065,269.1104165,269.1204505,270.6942236,270.9081163,269.9787761,268.739441,270.7177434,269.9061186,269.3226042,269.5618943,270.3504114,271.4136311,270.6600187,269.7030152
5,272.1872007,271.2690296,269.7339798,271.7152654,271.3395568,270.9935411,270.5072248,270.454349,272.0192281,271.863583,272.0684104,271.9076324,272.0276182,272.3163888,271.6508629,272.9090574,272.5007037,273.6849934,273.1920101,272.9424965,272.6740648,272.6692852,271.9844628,271.8312521,272.8963006,272.6727015,272.3871369,272.6338459,273.0146768,272.6815204,270.5616093,272.3228083,272.4041982,272.0648602,270.8326879,271.6974731,272.8334179,273.4430254,273.1985677,272.5248531
4,274.1204441,273.6773185,273.4976023,273.9607453,274.5592615,274.1307572,274.2554437,274.0499649,273.7341353,274.0284014,274.1926684,273.3169983,273.2588404,273.6757395,273.9318734,274.9025072,274.4987007,274.7835624,274.6020761,274.6474009,274.3813636,274.2889148,273.7945954,273.6619797,274.1804389,274.4402829,274.022313,274.1554098,275.0102478,274.7553736,273.985837,273.9591625,274.4884559,274.0492346,273.974434,274.3627973,274.8593714,275.2074541,275.1181651,274.8147618
9,271.191159,271.664418,271.6391799,272.344002,272.4533977,271.6431023,271.7667287,271.6290667,271.8465639,272.4766456,272.4361945,271.7525456,271.701867,271.841363,271.7735696,273.1147467,272.7767081,273.3110433,272.8545804,273.3900966,272.8603955,272.3141923,271.6162424,271.8411269,272.0710352,272.6269522,272.3375761,272.5147132,273.3191809,273.0396789,271.6584537,272.0360104,272.6859714,272.5077978,271.7148698,272.0665318,273.2659698,273.5239846,273.418933,273.0788282
8,272.9479445,272.0306538,271.5060514,273.0583186,272.5056377,271.5252478,272.6117976,272.1121381,272.2738587,272.5636252,273.0086353,272.6497944,272.381213,273.2253907,272.418845,273.6095113,272.8263139,274.0872678,273.8505277,272.7600255,272.7165372,272.6651804,272.4163404,272.2116853,272.9762172,273.0660049,273.3131577,273.3495248,273.7737539,273.4351011,271.9220026,272.709928,273.3270832,273.3453799,272.8139292,273.2358478,273.9277423,274.0751226,273.9365394,273.2929564
7,272.8754583,272.40853,272.3448467,273.1911839,273.0225881,272.5185004,273.3266783,273.0382553,272.8359346,273.2565334,273.3969692,272.442367,272.3462217,272.6900593,272.0969972,273.9291154,273.1411435,273.8489524,273.6543441,273.5069579,273.6249315,273.3640649,272.6171645,272.652622,273.0434116,273.5933903,273.1468264,273.0596177,274.0370954,273.63569,272.1800461,272.3183778,272.9922536,272.8659282,272.6976904,273.2366124,274.2875014,274.2130102,273.9186696,273.4769724
147,278.2090229,278.6617704,278.4792276,277.6033079,278.0659132,278.0284291,279.3200485,278.2590683,279.110321,278.9975043,278.9211587,278.6215216,278.7655037,279.3027127,278.5328834,278.2920897,279.0078908,279.6791061,279.8532953,278.8010942,278.9766426,279.410632,279.2473805,279.2329379,278.8110052,279.7288866,279.6708861,278.6546727,279.5685344,278.8612166,278.584359,278.5412868,279.3771181,279.4003881,279.5813641,279.4442633,279.7819461,279.162122,279.7591446,281.0787183
141,281.004667,281.3890728,281.1236148,280.4123744,280.7068461,280.7571878,281.6597439,280.9658292,281.6425117,281.4239642,281.4057998,280.8746436,281.0033595,281.6808719,280.9408611,280.8762007,281.7445043,282.2391666,282.7189335,281.5044708,281.7944007,281.680194,281.3082529,281.3911608,281.6767252,282.6276865,282.3783335,281.4249695,282.2995434,281.5205151,281.3092238,281.2323504,281.9846497,282.1926804,282.454097,281.9564347,282.3792752,282.1193628,282.7209501,283.8989225
156,288.8484165,288.7002833,288.5764648,287.7115755,287.9362746,289.0193849,288.9660547,288.9704886,288.5580256,288.4947372,288.3335312,288.5598511,288.4256631,289.2815558,289.0920429,288.1965863,289.5326556,289.423047,289.6980987,289.1493044,289.2872313,289.8191183,288.2036926,289.2973041,288.6472364,289.8877184,289.8773757,289.5250949,289.4413902,289.411252,289.016927,289.1598046,290.4438347,290.2079196,289.6983566,290.1100087,290.0840141,289.7772452,290.6614326,291.6110026
154,284.93268,285.0559584,285.0340048,284.2890023,284.1554335,284.7591719,285.0578057,284.7598659,285.0132491,284.7262115,284.4792239,284.711202,284.6596545,285.4683089,285.057538,284.4201196,285.7508748,285.7485634,285.7452065,285.0751002,285.2889321,285.2745946,284.4652083,285.3780296,285.3159006,286.0231303,285.8269652,285.3923388,285.6983708,285.2222745,285.1483972,285.0769437,285.7895127,285.7541829,285.6400699,285.6624413,285.7178845,285.8421789,286.425008,287.5910932
148,279.0126538,279.295995,279.3277232,278.4849601,278.8820664,279.0935976,279.9954456,279.20955,280.4257936,279.8213341,279.6278591,279.4032211,279.6683517,280.4445598,279.2891896,279.038491,279.808581,280.7264267,281.1975017,279.9130435,280.5327922,280.3172658,279.6214728,280.0030327,279.7750742,281.0363308,281.6743249,280.0876869,281.192232,280.3288121,280.1321497,279.9290579,280.5675829,281.051251,281.2137046,280.7877947,281.1045135,280.3572491,280.8790871,282.8061653
140,278.737793,279.1284465,278.901903,278.1429831,278.5782627,278.5498757,279.7079514,278.8284705,279.719592,279.5035357,279.4943548,279.1388668,279.2099629,279.786928,278.9987574,278.871824,279.683129,280.285475,280.6069561,279.4298957,279.7368594,279.9338301,279.4917494,279.6659414,279.4429555,280.5094516,280.3534978,279.2716896,280.3767685,279.7009622,279.2853844,279.1717889,280.188593,280.0523283,280.3048111,280.0627006,280.4798573,279.9045723,280.4895131,281.8994922
150,281.3337422,281.6982235,281.451268,280.6647485,280.8422617,280.9896818,281.8418168,281.1496393,281.7050776,281.5219664,281.4148728,281.2231041,281.4283211,282.081627,281.3777277,281.100787,281.9010342,282.4086398,282.6344117,281.5708294,281.8226862,281.8159701,281.6510485,281.6148438,281.8289281,282.5762823,282.4252913,281.5944587,282.2987727,281.5722512,281.5464231,281.3282973,282.0400785,282.3527301,282.4331526,282.1633325,282.5223532,282.1404509,282.7160876,283.8823008
155,278.8455436,279.1165195,279.169184,278.2558977,278.5610377,278.5306165,279.5857079,278.9539907,279.9363224,279.6273967,279.4984323,278.9246746,279.1159552,280.0092383,278.878195,278.9390739,279.5127847,280.3214859,280.7205552,279.5002192,279.8907723,280.1740983,279.5698615,279.531595,279.3765701,280.6359863,281.0045137,279.6292938,280.4115404,279.5156283,279.4952115,279.7139767,280.5783397,280.5602915,280.5235389,280.1618082,280.779176,280.0929703,280.6892091,282.1594325
143,280.5468879,280.7318161,280.6008616,279.8335378,280.2805198,280.2484276,281.3109291,280.6511589,281.5255371,281.0873741,281.0202211,280.4228465,280.6662956,281.5715602,280.2776852,280.4659848,281.1458481,281.883989,282.5070996,281.1913403,281.8552425,281.5904443,280.8538626,281.206641,281.2931192,282.4676139,282.6961044,281.216536,282.0994947,281.3502021,281.3475714,281.0339203,281.7557618,282.270206,282.3741507,281.7433362,282.2600838,281.7702499,282.3173447,284.0093219
157,288.9747439,288.9750642,288.8244026,287.814472,287.9511653,289.0690364,289.1033737,289.2110705,288.7961272,288.7855965,288.4637967,288.5594336,288.4471641,289.4380398,289.0668125,288.3381817,289.8123917,289.5720698,289.7833394,289.3057644,289.4549502,290.0275585,288.2888167,289.3437015,288.7208022,290.0914547,290.0068058,289.2779939,289.4641144,289.5540856,288.9867154,289.2779221,290.4720044,290.3509197,289.7397217,290.1699828,290.0058598,289.9442351,290.9791785,291.8069217
158,288.9073532,288.9302854,289.027915,287.823542,287.8117304,288.8587014,288.9246607,288.9614664,288.9518144,288.6784061,288.3715628,288.4703272,288.2596215,289.2555582,288.8812199,288.2078234,289.7520093,289.5022873,289.7290726,289.1854216,289.3643735,289.8564142,288.1437293,289.1967305,288.6504181,290.0907098,289.8489133,289.1794052,289.3457523,289.3755853,288.6515813,289.0745104,290.1428057,290.1857893,289.6381197,289.7755277,289.9028812,289.8995435,290.869693,291.6742583
159,288.8329378,288.9029868,289.1967104,287.7737367,287.6905646,288.67135,288.8988718,288.8798742,288.9205494,288.6572111,288.2904251,288.5457095,288.2742715,289.2428773,288.7282999,288.2259004,289.6154953,289.4775456,289.680595,289.3065798,289.3982313,289.9873411,288.1286355,288.9768583,288.4993158,289.9261257,289.6567428,288.8937665,289.2501156,289.105993,288.3212051,288.7832585,289.6393396,289.891578,289.4946473,289.5132519,289.8126632,289.9145075,290.7185299,291.4087927
160,288.2198148,288.5375557,288.7639427,287.3897764,287.3429629,287.994046,288.4786065,288.4779135,288.582197,288.3508093,287.8744147,288.1172976,288.0067325,288.8759608,288.2548399,287.7896369,288.9966102,289.1225181,289.2248159,288.9819653,288.848875,289.6581536,287.8642511,288.5624214,288.0201185,289.405209,289.2200075,288.2799981,288.7635763,288.5552313,288.0474629,288.3748041,288.9650139,289.4326639,289.1751328,289.0662556,289.4642546,289.5685463,290.1507664,290.8142075
161,287.6792492,288.4427573,288.5745745,287.1607883,286.910257,287.59197,288.0570408,287.9220945,288.3958168,287.848081,287.384967,287.6931437,287.6057488,288.4513371,287.7427642,287.3825431,288.6596588,288.8546999,288.9392538,288.6835801,288.4360849,289.1786769,287.526468,288.085615,287.8308569,288.9394892,288.9147426,288.1127477,288.41424,288.0661698,287.8151556,288.068906,288.4165917,289.2464522,288.8946481,288.8642475,288.9949363,289.0137036,289.6012488,290.3622696
162,286.8167523,287.3745322,287.4351713,286.2584397,286.1951415,286.6312139,287.093547,287.0681119,287.3630695,287.1231212,286.563406,286.7517442,286.6820475,287.499141,286.8526234,286.4599561,287.5927401,287.7763466,287.7687748,287.5924912,287.4244183,288.1544863,286.6319211,287.2158433,286.7615086,288.0095452,287.8805505,286.879969,287.3759236,287.1688436,286.810102,287.0647781,287.4114857,288.0912677,287.9183685,287.8691772,287.9941858,288.1761447,288.5811968,289.2747009
164,285.7357435,286.2735393,286.3338578,285.3606504,285.301738,285.5453401,286.0084848,285.9841662,286.3418312,286.1078593,285.5351483,285.6757984,285.638494,286.4775157,285.73683,285.4250895,286.45197,286.5478726,286.551109,286.4291673,286.3025984,286.9244244,285.5940621,286.1572963,285.7646362,286.9818921,286.716951,285.7192043,286.2014293,285.9543035,285.7627699,285.9647763,286.1324598,286.9486763,286.8011722,286.8368838,286.8638006,287.0750339,287.2919258,288.0323601
163,287.4383687,288.4647515,288.240593,287.1260633,286.7713232,287.3048852,287.7428573,287.8174454,288.4250145,287.5067844,287.1115358,287.6035588,287.4703938,288.3530678,287.3849034,287.2651443,288.4765702,288.4989182,288.5869694,288.4183009,288.1177647,288.8329089,287.5027401,287.8518575,287.9193807,288.8308751,288.6682857,288.1267684,288.1941232,287.7760724,287.549422,287.689978,287.9412882,289.0843076,288.7264867,288.7336388,288.8584236,288.9020114,289.3302081,290.2708477
165,287.3178388,288.2677661,287.8976578,286.9668263,286.430886,287.0717259,287.3117898,287.5384104,288.1692708,287.1780927,286.9487867,287.3160279,287.559791,288.2778595,287.11041,287.0620061,288.1277778,288.1770808,288.4447124,288.329887,287.9903609,288.4171938,287.4090174,287.6733477,287.7433036,288.4789294,288.119699,287.8542004,287.9136151,287.2868037,287.2488766,287.4640681,287.4190642,288.7464307,288.3720132,288.3141851,288.6466692,288.365177,289.0630711,290.0412199
121,281.9409545,282.2545709,281.7125819,281.4069595,281.6242328,281.5267518,282.5225136,281.6866444,282.3026033,282.312607,282.1643014,281.7439138,281.9612189,282.5195895,282.3139734,281.7336882,283.0214277,283.0722448,283.2974675,282.5045097,282.7432035,282.7970086,282.2158702,282.3886545,282.8107787,283.3046838,283.1026293,282.4736702,283.1930589,282.571763,282.2415252,282.1042761,283.1575396,282.6937481,283.3132217,282.9517498,283.2896727,283.1420762,283.5316064,284.6454823
21,276.3249776,275.3724395,274.5766783,274.9336139,275.6908407,275.7764845,276.2463416,276.1423773,275.2770517,275.3242327,276.1017966,275.4752882,275.2865002,275.6708192,274.551319,275.7045464,274.8690584,276.2550728,276.2677202,275.9687282,275.7211193,275.8325144,276.7381371,276.069227,276.3951823,276.4811243,276.1080226,275.9720226,276.3399511,276.7648663,275.4864639,275.0662036,275.9261014,275.2476223,275.9755606,276.2827772,276.3248011,276.4759357,275.830412,276.9669523
118,283.2199615,283.5834447,283.031885,282.5161776,282.7960892,282.4789618,283.8098268,282.9614504,283.8011559,283.6447296,283.4614392,283.0688883,282.9268302,283.7211259,283.4486651,282.8987085,284.4623064,284.5620967,285.1042859,284.0860753,284.3903879,284.239925,283.5321235,283.859213,284.4147542,285.1007079,284.5917913,283.90826,284.436069,283.8851519,283.6495819,283.4209227,284.3657578,284.3906173,285.021369,284.36966,284.7217236,284.5879675,285.0002335,286.5164756
26,276.4404891,275.7043323,275.1011741,276.1544561,275.426372,275.0809202,276.2827024,275.7115407,275.1926129,275.5759459,276.1985202,275.9969199,276.211127,276.5234021,276.1386553,276.4602013,275.16905,276.1676575,275.9789793,275.3486517,275.683121,276.2033381,276.2064651,275.5423363,276.0767577,276.3832261,276.7281422,276.4161896,276.760117,276.4661435,275.8984512,276.0214863,276.3487664,276.3403247,276.331071,276.3327673,276.8024979,276.649398,276.5135026,276.5445483
86,284.6565655,284.6429134,284.0204169,283.8985421,284.0603854,284.5955633,285.1290215,284.2429219,284.4141461,284.912069,284.8720012,284.2506694,284.1905092,285.045897,285.7236457,284.4571423,285.7212376,285.6103247,285.4935435,285.2537963,285.5201131,285.7571294,284.9952641,285.519536,285.6255221,286.2984979,285.8911808,285.4048791,286.0499204,285.2550811,285.1349809,284.9208757,286.3682514,285.8515373,285.7753496,286.4733004,285.9321676,285.9157269,285.7334583,287.2417209
114,282.5923901,282.8442387,282.3712301,281.4914898,281.946789,282.2473023,283.3918327,282.3471782,283.1131798,283.0192183,282.8839011,282.4981749,282.2066138,283.3495966,282.4170023,282.3266871,283.4690724,283.6991134,284.4143151,283.4200769,283.8530277,283.3167928,282.5995427,283.1626472,283.5449795,284.4657188,283.9329114,283.1016997,283.744999,282.9728483,283.1480349,282.6855253,283.4358453,283.9744903,284.2851791,283.6277912,284.0444216,283.6431226,284.0440316,286.2877827
10,271.4093461,270.9473929,271.1720574,271.1658246,272.4144771,271.8226019,271.824498,271.9697622,272.0958855,271.9508237,271.7729007,271.4728689,270.9470785,271.4005759,271.4176341,272.1630981,271.5172516,272.317045,272.5518092,272.3941696,272.1673514,271.6815273,271.7725573,271.8045766,271.9723278,272.3552937,272.1209255,272.4846289,272.3635303,272.6775991,271.8120417,270.8621566,272.2425264,271.8980735,271.2214183,271.9657852,272.4600261,273.3287849,272.5670577,272.9063314
12,269.6895929,268.1538771,267.9668431,268.8002084,270.2144219,269.3870508,269.948219,270.6270916,271.4555458,270.6036177,269.336467,269.2169922,269.4288237,270.6855491,268.9618397,269.7317057,269.5330729,270.9553454,271.539519,270.3849418,270.6986296,270.6869339,271.3252637,270.9419543,270.1836703,270.9453103,270.3120071,269.9460747,271.1022305,271.2338913,270.6813197,269.3223761,271.3356433,270.7762719,271.0647694,271.2558546,270.0962528,271.1384213,269.9949815,271.9673929
11,270.0319488,270.9681224,270.8244336,271.6774824,271.5879768,270.5650912,270.0467522,270.5302261,271.5527632,271.4874788,271.4432179,271.7549416,271.7400613,271.9992161,272.2077449,272.567278,272.4271977,273.0641902,272.5282782,273.0110111,272.4035695,271.5587418,270.9485912,271.4408095,272.0759619,272.2453055,271.8223154,272.1747526,272.4954344,272.2696033,270.5283607,270.5780803,271.334695,271.7311734,271.2560506,271.1631596,272.2787344,272.4852012,272.1483877,271.4980329
15,276.3913063,275.6536775,275.0648908,275.5527856,275.8712529,275.7802186,276.17988,276.5380205,275.3284323,276.1432435,276.389864,275.6970561,275.5358039,276.2640241,275.2794857,275.989829,275.6135103,276.522587,276.4103056,275.9932776,275.8712063,276.4012557,276.6907864,275.9511635,276.5605536,276.9503914,276.5381872,276.3738879,276.641031,276.9469301,276.3280011,275.9565511,276.5292489,276.0992499,276.4539464,276.8847404,276.7309438,276.3875952,275.7604403,277.0603428
20,272.252264,271.5783078,271.4902076,271.2834436,272.1056275,271.8929258,272.1360823,272.395116,273.0610722,272.5417544,272.3036629,271.9404807,272.1111452,272.4543184,271.1866178,271.9643801,272.1067094,272.9432538,272.5992788,271.8943675,272.6556673,272.6970407,272.4995493,272.2689691,272.6585025,272.4597425,272.8213702,272.1399975,272.8513943,272.8543939,272.6253153,272.1603744,272.9957818,272.4552037,272.6256378,273.0854586,272.9174424,273.1810251,272.9578646,274.1990319
13,273.5436739,272.8826206,272.8173426,274.1761315,273.6085929,272.7800969,273.8234814,273.0222861,272.903856,273.5267424,274.1533594,273.8380353,273.4036844,274.405414,274.253739,274.4537141,273.2257574,274.5428062,274.5238148,273.352514,273.2618683,273.4453093,273.4520072,273.0380369,273.3529687,273.9141819,274.2589904,274.247257,274.4153127,274.3575892,273.0063533,273.7575046,274.3316488,274.2849811,274.0346267,274.1897338,274.8529296,275.1041444,274.8641752,274.2684951
14,273.6437811,273.222764,272.5945981,274.1308221,273.6541165,273.0984207,274.0842798,273.3887647,272.815426,273.5895481,274.1739934,273.6707151,273.2401533,274.2738901,273.2813406,274.196912,272.4952132,274.4128364,274.4171445,273.3000546,273.8004641,273.6746675,273.9508971,273.4734061,273.3812463,274.1067513,274.3085108,274.3655463,274.5936491,274.4246765,273.0714471,273.6924044,274.2010632,274.3280556,273.9277209,274.2436552,274.6300996,274.4864764,274.4286763,273.8475833
16,274.6803769,273.8962598,273.3752028,273.8964282,274.3444761,274.0482082,274.5639592,274.3721423,273.7630921,274.1774666,274.65538,274.0329405,273.7715485,274.387245,273.6570649,274.324803,273.6932574,274.8991848,274.66629,274.2731002,274.4950096,274.4716294,275.0327171,274.2771657,274.6873256,274.9320214,274.7802594,274.6111906,274.8825005,275.3470217,274.1676417,273.7348048,274.5332847,274.1584517,274.6147124,274.7750862,274.594346,274.9081393,274.161656,274.8936293
19,279.715121,279.1787692,278.4499243,279.2446352,279.1890878,278.995759,279.5021219,279.637987,278.7710524,279.5483251,280.0042399,279.2428025,279.0608851,279.8990125,279.176057,279.5351345,279.4819268,280.3719148,279.7942066,279.8484989,279.4534275,279.8706832,280.1275985,279.2064589,279.6624442,280.2587539,279.7492165,279.6086417,279.5881349,279.9995548,279.6610313,279.5631826,280.1728063,279.7559211,279.8647037,280.2263584,279.9504341,279.6400542,279.3276262,280.6844776
18,274.1653693,273.7278657,273.0842145,274.4214343,274.0112896,273.2162818,274.3241759,273.9664373,273.7211782,274.0434911,274.4678688,274.4039025,274.1518783,274.7043646,274.116938,274.6129411,273.3399679,274.8451025,274.5618598,273.9457166,274.3653355,274.4731097,274.5311149,273.7605612,274.1392974,274.6036914,275.0325363,274.7568835,274.8874083,274.8433342,273.857604,274.1994819,274.6859742,274.7190659,274.5109441,274.4302421,274.5355142,275.0453863,274.7188396,274.1705739
23,277.2077738,276.7161289,276.3689795,276.5084704,276.7701164,276.5951633,277.0447677,277.1332433,276.7865485,276.9737856,277.261999,276.9347514,276.7336933,277.3982719,276.6589493,276.930804,277.0347972,277.7207158,277.5267658,277.1243544,277.0858374,277.2181141,277.4461967,276.6605447,277.2135818,277.6094692,277.3702644,277.2003372,277.4082199,277.6015617,277.1118363,276.8982812,277.5736262,277.2371101,277.2190741,277.7160709,277.6264334,277.4398204,277.0763086,278.1800424
17,277.1395359,276.4988285,275.9860489,276.5005967,276.8184495,276.6648823,277.178082,277.4734603,276.5382827,276.9870279,277.3003237,276.8024968,276.612257,277.2383771,276.274481,277.1413565,276.559572,277.6240174,277.10766,277.0652747,276.5940619,277.2451515,277.6335414,276.846388,277.3548265,277.5556808,277.2083853,277.0114088,277.355183,277.7728393,277.1438153,276.8300748,277.4264981,277.1185869,277.237327,277.7378117,277.6335585,277.4456286,276.8863531,278.0490035
34,277.0197745,276.4524134,276.4152688,276.656777,276.1407618,276.1974105,277.1416823,276.6316091,276.1941686,276.4338188,277.0845185,276.4920637,276.7745613,277.0509364,276.6997569,277.1605143,276.506036,277.0989073,276.8002356,276.2341027,276.3639266,276.8620006,276.9251549,276.1741208,276.8831354,277.064252,276.9870096,276.8042125,277.2707551,277.0312174,276.7509427,276.545006,276.9629851,276.6182393,276.844881,277.0606279,277.3882943,277.1574312,277.345163,277.0910447
32,276.6507577,276.2271005,275.9850151,275.6267678,276.1845761,275.9174585,276.4022241,276.1045266,276.5635521,276.3747232,276.7133914,276.3330828,276.1831924,276.7569135,275.8322048,276.2191278,276.5966026,277.0073013,276.9501751,276.4096103,276.5263157,276.7661031,276.448909,276.0502183,276.5421213,276.9714122,277.0023735,276.7722185,277.0204344,277.06307,276.5238909,276.3394756,277.1919714,276.8623848,276.7846964,277.0418922,277.3239196,276.970926,276.7242031,278.145903
22,275.9785982,275.0948191,274.4333385,274.7449084,275.5148475,275.2996962,275.8262186,276.0332674,275.1015528,275.3320573,275.7313489,275.1760084,275.1406276,275.4959249,274.417059,275.4323039,274.8859943,276.1547398,275.9570744,275.4498036,275.362022,275.6968284,276.3055558,275.610085,276.0365766,276.2325308,275.8795338,275.7652185,276.0198284,276.5155705,275.4209867,274.8590216,275.8152692,275.1752347,275.7875501,276.1080409,276.1768034,276.176917,275.4377677,276.586562
33,277.143555,276.2705859,275.7009197,276.5371167,276.2902747,275.9675594,276.9665221,276.4514846,276.0744443,276.3931985,277.0053401,276.5784415,276.6761769,276.7406429,276.1641775,276.7467958,276.1909123,276.8186859,276.633048,276.5509604,276.6321399,276.9380609,277.077538,276.4630014,277.0607585,277.3733973,276.98338,276.8345223,277.442088,277.2945884,276.6460957,276.710889,276.931517,276.5619232,276.8603151,276.9099871,277.2449433,277.2304864,277.1720382,277.7750432
25,276.049259,275.2777707,274.7780231,275.1570743,275.8262003,275.5267088,275.9168414,276.0094922,275.6196788,275.8597261,275.9784013,275.8085487,275.8089695,276.3447653,275.6001086,275.8469996,275.5882917,276.7410608,276.3307591,275.6841245,275.867792,275.9078023,276.1852863,275.5349614,276.0922529,276.4345613,276.1623265,275.9602954,276.1226737,276.6143454,275.9388673,275.3916243,276.1410906,275.8978938,276.0868447,276.3507121,276.3070879,276.4657225,275.7699687,276.7546299
29,278.864752,278.3318815,277.8864796,278.118165,278.4923443,278.385372,278.7821997,278.7745435,278.6057267,278.715865,279.0731205,278.8308041,278.3085947,279.0026177,278.1739046,278.5040952,278.9549076,279.3509487,279.3026455,279.0929557,279.1229073,279.0713763,279.1558806,278.5106352,279.0018575,279.5413178,279.2160438,279.0005975,279.1994389,279.3721731,279.0682681,278.714986,279.3702536,278.9764048,279.1213312,279.5694845,279.4568507,279.1925603,278.766061,280.2812289
24,276.1356201,275.1888863,274.4194083,274.8398812,275.3374798,275.2714726,275.8781413,275.4397077,274.7933651,275.2155186,276.0142157,275.496142,275.4010483,275.5366841,274.3955749,275.3724157,274.6775679,275.845076,275.9876133,275.645635,275.5912415,275.676217,276.381433,275.7675424,276.1483528,276.3623955,275.9980482,275.8200018,276.0836433,276.4724365,275.4366021,275.4654017,275.8834844,275.1397528,275.7267758,275.9450911,276.1753581,276.2521119,275.5784533,276.537691
27,276.6324857,275.9087718,275.3413335,276.2825014,275.6452126,275.2592739,276.403344,275.887597,275.2685946,275.6864474,276.40773,276.1118815,276.3570672,276.563286,275.9046695,276.4803498,275.4005618,276.282202,276.150767,275.7974284,276.010235,276.4307133,276.5745674,275.9181558,276.4444152,276.7296665,276.6998353,276.4148177,276.9251311,276.6894498,276.0175919,276.2946709,276.5914432,276.5187549,276.4637252,276.4313171,276.775757,276.7039761,276.6440294,277.1528126
28,276.3012656,275.3325059,274.6666912,275.1983496,275.7463993,275.6535392,276.1181783,276.2099232,275.6694608,275.8084628,275.9334014,275.6040731,275.6972235,276.0223374,274.9853714,275.6065131,275.3264624,276.5066816,276.3170826,275.8457896,275.8483056,276.1378184,276.4622269,275.7572024,276.3441269,276.5500364,276.2146977,276.1269521,276.3726366,276.8106315,275.8636557,275.5118807,276.1429916,275.5245797,276.0845517,276.4337309,276.3508328,276.5412726,275.7769448,276.7738368
30,279.0080509,278.6436206,277.9649669,278.3332454,278.6160714,278.5150134,278.8701113,278.9239101,278.6152415,278.8597591,279.1875228,278.9178415,278.508877,279.1237506,278.4903701,278.67757,279.0294788,279.6628375,279.3789352,279.1954246,279.1760691,279.1976695,279.4059093,278.7429256,279.3154024,279.6586279,279.2346374,279.0520788,279.2266989,279.5358177,279.226951,278.8339362,279.5171236,279.2027736,279.277758,279.7337523,279.4763552,279.3509398,278.9608527,280.1637962
31,274.7667234,274.7311297,274.2720867,273.3678142,273.9779291,274.1601341,274.5605969,273.9682087,274.7454076,274.4311574,274.8156086,274.3873193,274.3298937,274.6615045,273.7679797,274.1636679,274.6363596,275.2057607,275.0218312,274.4177368,274.82727,275.0122158,274.4804404,274.1663876,274.9117837,274.6941354,275.1796619,275.0330992,275.1713526,274.9366681,274.6865824,274.8132754,275.5127716,275.048349,275.0656276,275.1908266,275.5621102,275.1632268,275.0656778,276.3245482
37,280.8106586,281.0077747,280.0275728,279.7878297,280.1425044,280.1571615,280.8402672,280.3093803,280.5425701,280.9691697,281.1989263,280.4958462,280.3282154,280.8729025,280.3563337,280.2397981,281.0867012,281.452477,281.0846425,281.0226341,281.1735914,281.128777,281.187743,280.9705757,281.2556428,281.7939969,281.2799625,281.241263,281.3983191,281.274841,281.0374747,280.6838955,281.6006322,281.1632632,281.5683666,281.7629342,281.4753471,281.2888407,280.9158826,282.0358521
35,277.0711243,276.0669567,275.7809152,276.4700397,276.4788928,275.6013318,276.8928948,276.3322805,275.9790086,276.5487428,276.8696066,276.592721,276.5709393,276.6819274,276.0291272,276.4515166,276.3709029,276.9393136,276.8596499,276.446373,276.7064754,276.9353027,277.095513,276.5477164,277.1069455,277.4291268,276.8927015,276.9543498,277.315405,277.4979228,276.6387898,276.6665737,276.9976479,276.3133915,276.7605599,276.935759,277.200663,277.508101,276.6585655,277.485574
36,277.4489877,276.7580154,276.36891,276.7146252,277.2159157,276.7410586,277.5416953,277.0755261,276.9524066,277.3801346,277.2842061,277.1047171,277.0755112,277.3473518,276.6427491,276.9520162,277.1694521,277.8109893,277.7424291,277.2149459,277.3756764,277.6517789,277.6267419,277.0771809,277.6227368,278.0327349,277.6297588,277.6265725,277.8696825,278.1100788,277.236542,276.8784154,277.6824972,277.0041556,277.4309378,277.8999972,277.7130454,277.9780396,277.2340846,278.1900181
40,278.3748317,277.7077865,277.4236925,277.7821219,278.0396173,277.1765047,278.4508147,277.8735602,277.6713264,278.2778091,278.0900709,277.8134722,278.0507405,278.2916707,277.8221319,277.9232503,278.214371,278.7430065,278.5586573,277.8688682,278.4406435,278.6037852,278.43005,278.1841222,278.6321059,279.0640407,278.6612368,278.6532982,278.9337575,278.9856606,278.0969107,277.7789077,278.5767663,278.0500061,278.5128487,278.7214688,278.683452,279.1318907,278.2429357,279.038863
39,278.4045965,277.8307208,277.42647,277.6630798,277.9665177,277.3576014,278.5032286,277.8899485,277.7229773,278.3015059,278.1166795,277.8622244,278.07831,278.2436566,277.6765721,277.8587264,278.2627012,278.7377805,278.6554458,278.0057216,278.4391166,278.6632927,278.470066,278.0969383,278.6222025,279.0797383,278.6227248,278.6771573,278.9801866,279.0828828,278.1094286,277.7294756,278.6344764,277.9834242,278.4587009,278.8795214,278.7307886,279.1058387,278.2490123,279.2781565
44,283.4156349,284.3002487,283.1875071,282.9197489,282.9183943,283.2171167,284.1481886,283.1053145,283.8218919,284.1565901,284.6531219,283.0225602,283.2163558,283.5169085,283.1780977,282.8314131,284.0971366,284.7564953,284.5072147,284.0896679,283.8443921,283.6562601,283.5469857,283.9968907,284.4668898,284.8520572,283.7832057,284.2322539,284.9172843,284.184018,283.7168001,283.9879916,284.8575012,283.8473669,284.5936323,284.4727231,284.5596328,284.1799091,284.0058051,287.1087171
41,280.4486752,281.027692,280.0502315,279.8280226,280.1954134,280.1985608,281.0207598,280.2314898,280.7846949,281.1884235,281.5367513,280.3004532,280.1367019,280.7333678,280.4600379,280.2136599,281.0992611,281.6702613,281.5773815,281.0005253,280.942925,280.7948862,280.7704187,280.8895382,281.3092991,281.6904023,281.1077098,281.3796813,281.8931202,281.2971497,280.7907542,280.7569304,281.852592,281.0943515,281.5474944,281.6310625,281.5784098,281.3044383,281.0461175,283.5957653
38,280.7864064,281.030908,279.9106526,279.676867,280.0782112,280.2255245,281.0107463,280.2792772,280.5720564,281.08107,281.590986,280.3102093,280.2217883,280.7957486,280.3008658,280.242887,281.165423,281.475455,281.1094439,281.0400212,281.1228883,280.9454448,280.8520959,280.9556543,281.3893226,281.9902112,281.090643,281.1375254,281.6957648,281.267828,281.1633931,280.7841073,281.6497688,281.0090678,281.6242289,281.6413473,281.5256374,281.1482687,280.9171191,283.2058607
43,279.3489796,279.2014467,278.7514639,278.7454212,279.0026508,278.7713724,279.4088039,278.7001259,279.0697624,279.6803674,279.3969606,279.0530413,279.2124553,279.4468766,279.0120121,278.9882517,279.5937529,279.9520888,279.7319675,279.225268,279.5780724,279.8463734,279.5628149,279.4070132,279.7785129,280.2614505,279.8894483,279.8771321,280.0599557,279.9347293,279.243129,279.0100303,279.9026289,279.4181604,279.8918771,280.0576186,279.9582746,280.1780796,279.4707938,280.3127523
42,283.6505243,284.2591835,282.9426529,282.5351024,282.6972207,283.0252831,283.9493053,282.8992271,283.3375045,284.0648996,284.6032178,283.0462343,283.069218,283.5420612,283.1652564,282.8823873,284.1798905,284.4188231,283.9063827,284.0473255,283.9806601,283.852274,283.7898807,284.0308039,284.2270128,285.0103986,283.9639239,283.9846157,284.3758556,283.9428859,284.0608704,283.7488513,284.6216033,283.7177987,284.6889063,284.6835505,284.355777,283.893445,283.7976319,286.0030885
45,281.2940947,281.7989133,280.7994193,280.2927447,280.7376119,280.7676322,281.502143,280.6828476,281.0148131,281.6391739,281.7067302,280.9267299,281.0135812,281.3789659,280.9492931,280.6879341,281.7530973,282.0378032,281.6093849,281.4455512,281.58766,281.783636,281.5860371,281.5999001,281.6309988,282.3547932,281.849896,281.9292953,282.1180498,281.5909692,281.4110185,281.1595918,282.1053058,281.6889613,282.1511081,282.4580578,282.096235,281.9099058,281.6619259,282.6888512
46,283.7480877,284.450419,283.1815557,282.6147022,282.7249244,283.1927384,284.1014506,282.6886476,283.353688,283.9545241,284.5530344,282.9089316,283.0597495,283.4267734,283.007691,282.6221432,284.0317772,284.2179426,283.9395206,283.9320611,283.7968221,283.7876703,283.531795,284.0385322,284.2365947,284.9686442,283.897847,284.1052639,284.6117203,283.7660579,283.9032195,283.710231,284.3942375,283.4618876,284.4994491,284.8325402,284.5006938,283.8991525,283.9829622,286.3256054
47,281.3950929,281.7703474,281.0812184,280.5875311,281.0689443,280.886199,281.5614432,280.8661316,281.1234007,281.8361608,281.7224413,281.0303903,281.2332507,281.5703086,281.0689118,280.8839728,281.9250436,282.277668,281.8143622,281.510035,281.7418675,282.1409329,281.8225775,281.7834541,281.8145488,282.5173986,282.065256,282.2090584,282.2474097,281.8010366,281.5050173,281.3060594,282.3179095,281.9640742,282.214098,282.5489653,282.3188396,282.188728,281.8230823,282.6240153
48,281.6431368,282.3406938,281.1626372,280.6629326,280.9784643,281.1545529,282.0293468,281.0214683,281.4158792,281.9155341,282.1437979,281.1151408,281.2746092,281.6256994,281.3335753,280.8961586,282.0226027,282.3288795,282.0194543,282.0175964,281.9980624,282.0814832,281.7846952,281.9259926,282.0091372,282.7685411,282.1733298,282.19938,282.53284,281.8021745,281.7264058,281.5486023,282.3693311,281.8448659,282.5202914,282.7797686,282.5875635,282.1794635,282.1025249,283.5436745
49,283.0646808,283.8808208,282.508037,282.1752324,282.1238827,282.5503956,283.6514844,282.1417333,282.7073916,283.154476,283.8324502,282.2937566,282.5169896,282.7384995,282.4680043,281.9461362,283.3916197,283.619375,283.6788067,283.4587533,283.2171647,283.0668589,282.8440914,283.1710255,283.726498,284.3783065,283.4099517,283.5772465,284.2812352,283.2290819,283.2529666,283.1538502,283.8349163,282.8993903,283.8341689,284.0813027,283.9584505,283.4326304,283.4091829,285.9514883
55,281.7836863,281.969277,281.6158045,281.3263152,281.6699786,281.5945164,282.1451372,281.5966834,281.9339058,282.4118882,282.4330708,281.6207045,281.8472493,282.2975494,282.1300311,281.6110947,282.3650869,282.8337154,282.3820851,282.3849454,282.4346545,282.8488771,282.2926295,282.441293,282.3806996,283.0406165,282.6820568,282.6021726,282.6879195,282.2225605,281.9616038,282.0374653,282.9900377,282.530653,282.7421524,283.0282308,282.7767381,282.8233879,282.4641001,283.5465592
52,280.8603394,281.5239024,280.4313086,280.0462179,280.2776227,280.4350333,281.1589615,280.4150584,280.7562538,281.1870395,281.2439969,280.4466282,280.6445794,280.9873102,280.682695,280.4100615,281.2877039,281.5828515,281.4228498,281.1636699,281.1836905,281.2282481,280.9997935,281.0832317,281.2173581,281.8162198,281.3861192,281.2918557,281.9209653,281.0573527,280.7160419,280.7637583,281.6293902,281.1039788,281.6590848,281.7685155,281.7653139,281.4579685,281.2391421,282.5307862
51,282.5688495,282.9993478,282.3771532,281.9227934,282.2782013,282.2327792,282.8276137,282.3385363,282.5885882,283.1202428,283.2497413,282.3400247,282.5493799,282.9662238,282.6756326,282.2996203,283.2600383,283.6425836,283.1785488,283.1466281,283.2193535,283.6959532,283.075562,283.1704873,283.1187723,283.9076092,283.5277427,283.5869864,283.4959441,282.9857138,282.7218512,282.8160678,283.6933852,283.4218695,283.6189758,283.9185732,283.7925086,283.6458606,283.3776772,284.409146
54,281.4638243,281.8695478,281.1931494,280.8686297,281.2267863,281.1392427,281.7488886,281.1897044,281.4926028,281.968368,281.9560348,281.194483,281.5108594,281.8011215,281.6452162,281.1995432,282.0954859,282.4320712,282.0440062,282.006948,282.0535127,282.3920235,281.8991064,282.0761627,281.9373705,282.7249084,282.3281845,282.3579444,282.4096003,281.8535411,281.5312369,281.578169,282.5129742,282.1136175,282.4079215,282.6261198,282.5463325,282.3975382,282.1014269,283.2042884
50,283.3198017,284.2649509,283.1809365,282.6224168,282.7417065,283.2710072,284.2473898,283.1876371,283.6646369,284.1938607,284.5127656,282.9256378,283.2094531,283.3673362,282.9709376,282.7630222,284.107299,284.2906415,284.4344459,283.7912794,283.7469146,283.3933438,283.5278622,283.7453798,284.3541317,284.9105436,283.847713,283.818812,284.5468432,283.7752119,283.5510701,283.5842506,284.5601811,283.9089073,284.2463263,284.1834562,284.6396152,284.0963625,284.128047,287.2093198
57,282.1027684,282.637995,281.5895916,281.3284183,281.3657381,281.5044296,282.5959209,281.5041456,281.7897682,282.2076735,282.5249811,281.5078831,281.7352791,281.9984054,281.9669897,281.3413276,282.6318037,282.7451487,282.7654751,282.5537581,282.4825284,282.5263881,282.1507156,282.4335,282.5363876,283.2621055,282.7770498,282.6815948,283.1051079,282.2475119,282.13463,282.080377,282.9874959,282.3029827,282.9419089,283.1857236,283.0839389,282.6652131,282.4223742,284.2613865
64,282.6017944,282.7434895,282.3882229,282.1929627,282.5060846,282.4736274,282.9846406,282.4032101,282.7833945,283.1511236,283.2566129,282.4897439,282.5846421,283.1535862,283.188029,282.5001466,283.3203395,283.6114863,283.2588164,283.3530135,283.4203706,283.7631183,283.0943234,283.4538509,283.2891009,284.0237773,283.5731333,283.433327,283.6158596,283.0793118,282.8309645,282.9739298,283.9390772,283.448945,283.6195205,283.994079,283.6605369,283.7143156,283.2901295,284.4872737
53,284.6813568,285.5539308,284.3332568,283.9619049,283.7331372,284.2704376,285.6191179,284.2356086,284.6314319,284.9605277,285.6335225,284.0344719,284.4073877,284.373682,284.1506703,283.7319333,285.3954832,285.4093342,285.6387517,285.1981895,284.9111994,284.8853736,284.641659,285.0530154,285.6701536,286.2977566,285.2810451,285.3067326,285.8311305,285.0755947,285.0215519,284.9648795,285.8533079,284.9563508,285.647313,285.8065511,285.7784124,285.3641146,285.1479238,288.1076572
58,284.2147517,284.9047253,284.0656782,282.9977441,283.320201,284.0218176,284.9709439,284.022563,284.5945015,285.045747,284.8220653,283.9070389,283.8624179,284.3288008,283.4321646,283.2151783,284.5346261,285.3210276,285.365603,284.3220459,284.7428444,284.6900609,284.4250382,284.294443,284.8267221,285.5430772,284.8765698,284.1212825,284.8362524,284.511193,284.6516005,283.9439974,285.0046418,285.116667,284.8667656,284.8986699,285.4523945,284.8347239,285.3424243,288.1800475
61,281.8780685,282.4457466,281.4217273,281.0566825,281.0986633,281.1752455,282.454119,281.1980508,281.420559,281.8296149,282.1679196,281.2956438,281.4619553,281.7592679,281.7944901,281.1311423,282.342314,282.455489,282.6116382,282.3857865,282.324408,282.2139105,281.8642709,282.1068801,282.251221,282.936094,282.5658895,282.3759947,282.8253293,281.9121978,281.8830059,281.7430394,282.6882618,282.0153639,282.7154857,282.8755349,282.8612563,282.4442335,282.1223985,283.8587484
56,284.4653066,285.225711,284.2743856,283.6347389,283.7760926,284.1474408,285.1633916,284.1657425,284.6410941,285.2025976,285.3861371,283.8270992,284.129078,284.455958,283.9693785,283.8155977,285.0560075,285.173903,285.650363,284.8961596,284.9189509,284.2583574,284.6011589,284.7761339,285.5036595,286.0101048,285.0978459,284.7609236,285.3553231,284.8316932,284.7293003,284.6023067,285.7528541,285.2427043,285.2690248,284.9996058,285.7719857,285.2350325,285.2564635,288.0690235
60,283.5419369,284.3214399,283.4169344,282.2377159,282.6309547,283.3939504,284.2564133,283.3258252,283.8148759,284.2767448,284.0584944,283.3799093,283.2236321,283.5639855,282.6336154,282.584187,283.9352688,284.5401216,284.6162266,283.6270771,283.9855393,284.191798,283.6968179,283.5593453,284.073057,284.8202179,284.3257381,283.3974674,284.2493749,283.8234245,283.8873044,283.2773688,284.339346,284.4829822,284.2279304,284.1835354,284.8495445,284.183824,284.6739113,287.5952476
75,283.526875,283.5782701,283.0513183,282.9015437,283.1630667,283.4886702,283.9702736,283.2455739,283.3697747,283.878341,283.8794282,283.2185144,283.1839502,283.9432328,284.4295753,283.4555347,284.5578597,284.5243635,284.3181336,284.2381548,284.4251624,284.6155174,283.9173529,284.4410616,284.3521108,285.0524295,284.644634,284.4361376,284.8727778,284.0544299,283.9309516,283.7911589,285.1127932,284.5911439,284.6253639,285.2385293,284.8342745,284.7544042,284.4408773,285.9088401
122,277.3155538,277.790048,276.8363399,276.2126496,276.6599756,276.9786278,278.0527094,276.7517469,277.9705186,277.4867571,277.4176437,277.6679348,278.3507563,278.2552438,277.3867075,276.6762262,277.4173931,278.3265879,278.6011636,277.6484492,278.0968506,278.1628095,277.4102137,277.8472339,277.5964725,278.5393607,279.2018982,277.6025267,278.4810039,277.9209546,277.7026594,277.6604501,279.0084694,278.363779,278.7901443,278.8666008,278.85304,278.0216157,278.1265446,280.5371641
129,279.7816671,280.0207038,279.5450581,278.7708513,279.3786616,280.0088743,280.8141127,279.6217004,280.7434129,280.2630885,280.110255,280.0402509,280.0773413,280.8821984,279.9588258,279.6148797,280.3230849,281.3257127,281.8193093,280.6477044,281.2519323,280.9511779,280.1751997,280.6173699,280.6485236,281.7011094,281.9312563,280.53718,281.2642668,280.8483332,280.7596157,280.172512,281.0665374,281.5492505,281.8964454,281.3875517,281.7934903,281.0136235,281.3809182,283.7960242
142,284.7762558,284.6445692,284.5677329,284.215424,284.2226088,284.6942449,284.8801204,284.678625,284.780206,284.7829306,284.5400768,284.5450855,284.6537126,285.1713654,285.1706983,284.3979997,285.7332522,285.5661705,285.5431814,285.006368,285.2905328,285.556632,284.7068825,285.4124755,285.2651074,285.9293929,286.0640907,285.6473328,285.976739,285.356811,285.1917569,285.1501486,286.3316683,285.7888928,285.7274626,285.9227088,286.0427485,285.9685717,286.4546297,287.7684068
133,277.6680644,278.2524664,277.5222198,276.8924754,277.3381128,277.8027861,278.7879023,277.4844413,278.7484748,278.2321886,278.1033928,278.5723378,278.6901339,278.8595271,278.150844,277.5411279,278.2069422,279.272993,279.6980039,278.4482907,279.0479777,278.8949545,278.1754973,278.6203912,278.245645,279.2718009,279.9902332,278.429929,279.2725227,278.7684089,278.5506137,278.3978994,279.4055627,279.3663977,279.7766125,279.9099478,279.6864417,278.827092,279.2188732,281.542197
134,278.8102182,279.0473874,278.8140029,278.0048514,278.5298302,278.7216742,279.8620748,278.8103294,279.7402996,279.4823883,279.4189386,279.2558409,279.1285529,279.9645273,279.0986583,278.8912723,279.6217808,280.5075986,280.8086297,279.5580935,280.1416318,280.0400705,279.3391817,279.7795671,279.569802,280.6722126,280.7039962,279.4696113,280.6248545,279.9371865,279.5188474,279.1107202,279.9973669,280.3531068,280.6960955,280.2740205,280.6277035,279.9641378,280.4141764,282.4255267
138,283.5709594,283.5075125,283.2373081,282.9995851,282.9929754,283.3194344,283.657748,283.2435724,283.4589027,283.5069379,283.3799878,283.1219994,283.4421104,283.9330143,283.9264554,283.1621237,284.4843121,284.3892905,284.4051377,283.7294956,283.9227843,284.0744949,283.4764076,284.0022689,284.096412,284.6018332,284.6564758,284.1421672,284.8369006,284.1142282,283.9280831,283.7268269,284.8002241,284.2191068,284.4790263,284.5259223,284.6058525,284.7212772,285.1277638,286.2956324
144,287.626596,287.516618,287.4452716,286.9590027,287.1231822,287.9618986,287.7629098,287.7178634,287.4904396,287.4961632,287.4474153,287.5490944,287.3967808,288.1910201,288.4213538,287.1777422,288.6890014,288.447566,288.5410976,288.0744372,288.4498451,288.7387524,287.2980427,288.433606,287.8610392,288.8219168,288.9131599,288.6220719,288.611128,288.2033276,288.1370943,288.2421397,289.6769912,289.0713025,288.6703111,289.197735,289.3861001,288.6055679,289.3804399,290.576731
136,282.2266255,282.4745512,282.0124617,281.7847085,281.7346674,281.8902527,282.6211376,281.9000218,282.3034367,282.2923732,282.314162,281.9269017,282.2121342,282.6630881,282.5560303,281.9540047,283.1932842,283.3748914,283.482979,282.5740267,282.6899956,282.6718063,282.2887898,282.5371961,282.978794,283.3906852,283.1942644,282.5805124,283.41314,282.8464844,282.5374076,282.3268314,283.2811944,282.8857747,283.4479956,283.137062,283.3191676,283.418426,283.8626954,284.8216119
139,283.902297,284.2853828,283.5723928,283.4282904,283.3685735,283.509807,284.2183337,283.5604732,284.0326105,283.9967047,284.0725668,283.6349195,283.9473561,284.5291525,284.0523394,283.3174873,284.8082704,285.3024517,285.6361246,284.4664612,284.6973033,284.3430293,283.8663323,284.2026546,284.9000014,285.4108344,284.9419583,284.4587383,285.1252509,284.782556,284.4837975,283.8219917,284.8791857,284.6979006,285.4352044,284.7999051,285.0448618,285.2871842,285.7281467,286.7791694
146,283.440893,283.4686147,283.3208895,282.8637514,282.7608509,283.1851551,283.4570398,283.2104928,283.4278981,283.1921879,283.1203698,283.1687627,283.2013535,283.8337609,283.6480105,283.0067908,284.2433662,284.2974202,284.3055219,283.5501138,283.7673665,283.8336082,283.261385,283.8270996,283.9801505,284.5593209,284.5428871,284.0630191,284.6058599,284.0151425,283.8112405,283.5938611,284.5311155,284.2703687,284.449995,284.3840347,284.4115662,284.6263968,285.1620882,286.2159704
145,287.1381599,286.9903015,286.9945414,286.5518245,286.7582393,287.5699852,287.3431655,287.3466301,286.9961338,287.1315362,287.0603443,287.209663,286.9896782,287.8139471,288.0820159,286.7505404,288.1610823,288.0116848,288.0654632,287.6531984,288.0518571,288.3325886,286.8600001,287.9304683,287.4329679,288.3404274,288.4701408,288.1568508,288.0420953,287.7079288,287.65655,287.8244735,289.1983572,288.6470842,288.1161497,288.7711292,288.7229647,288.0850362,288.8320704,290.0647477
149,282.0271512,282.3364224,281.9872813,281.472892,281.4058372,281.7519359,282.3498114,281.7748719,282.1515361,281.9812885,281.8972943,281.8801414,281.9592195,282.6745817,282.2228618,281.7388894,282.8184128,283.1075519,283.2578047,282.2533707,282.4334485,282.3592212,281.996524,282.2738662,282.6041039,283.2841613,282.9564506,282.4323773,283.0675669,282.5116973,282.1468445,282.0308492,282.8562552,282.8230207,283.0261823,282.8917434,282.9991752,282.9459351,283.5560121,284.6403093
152,288.0846657,287.9649598,288.0585745,287.2563823,287.258417,288.2211872,288.1970048,288.0677077,288.113166,287.9122014,287.762575,287.8157415,287.6566451,288.4861711,288.3606048,287.4892643,288.9332731,288.7517752,289.0656912,288.4380948,288.4979665,289.0756028,287.5663633,288.6034879,288.1201263,289.2481226,289.2226417,288.9919766,288.8796387,288.5751058,288.3140039,288.5783172,289.8187168,289.4510186,289.1100204,289.4110404,289.7019933,289.2681893,290.0289954,291.0812602
153,284.4862758,284.6721234,284.2364163,283.5988834,283.5141299,284.0224216,284.4999164,283.9558518,284.3960229,284.0264289,283.8256146,284.0940437,284.2573628,284.9561888,284.3951682,283.8004646,284.8323922,285.2101983,285.5276916,284.4057905,284.6707285,284.4185677,283.948806,284.4700846,284.6904014,285.3779957,285.0928661,284.5648575,285.0677414,284.5216382,284.5544102,284.0455527,284.6973782,285.1137044,285.1441608,284.8418182,285.0646761,284.9738762,285.6622098,286.8019306
151,283.5330508,283.5261472,283.5765368,283.1149948,283.0944087,283.4230173,283.7127649,283.4826313,283.6121116,283.5779758,283.3577369,283.4333581,283.4078956,284.0875607,283.81271,283.1542097,284.4427974,284.4207519,284.3271955,283.6901298,283.9670568,284.0674087,283.3558703,284.0933883,284.0294032,284.7893388,284.6471396,284.1521872,284.441685,283.9556853,283.7653311,283.8390318,284.8262786,284.4522657,284.2778851,284.4149346,284.4469752,284.5353153,284.9716918,286.2776503
